Book Id,Title,Author,Author l-f,Additional Authors,ISBN,ISBN13,My Rating,Average Rating,Publisher,Binding,Number of Pages,Year Published,Original Publication Year,Date Read,Date Added,Bookshelves,Bookshelves with positions,Exclusive Shelf,My Review,Spoiler,Private Notes,Read Count,Recommended For,Recommended By,Owned Copies,Original Purchase Date,Original Purchase Location,Condition,Condition Description,BCID
27003,"The Eyre Affair (Thursday Next, #1)",Jasper Fforde,"Fforde, Jasper",,"=""0142001805""","=""9780142001806""",0,3.92,Penguin Books,Paperback,374,2003,2001,,2016/04/05,to-read,to-read (#265),to-read,,,,,,,0,,,,,
76171,We,Yevgeny Zamyatin,"Zamyatin, Yevgeny","Евгений Замятин, Clarence Brown","=""0140185852""","=""9780140185850""",0,3.96,Penguin Classics,Paperback,225,1993,1924,,2016/04/04,to-read,to-read (#264),to-read,,,,,,,0,,,,,
209525,The Purple Cloud (Frontiers of Imagination),M.P. Shiel,"Shiel, M.P.",John Clute,"=""0803292791""","=""9780803292796""",0,3.54,Bison Books,Paperback,296,2000,1901,,2016/04/04,to-read,to-read (#263),to-read,,,,,,,0,,,,,
1170158,The Earthsea Trilogy,Ursula K. Le Guin,"Guin, Ursula K. Le",,"=""0140050930""","=""9780140050936""",0,4.24,Penguin Books Limited,Paperback,478,1979,1975,,2016/04/04,to-read,to-read (#262),to-read,,,,,,,0,,,,,
941731,The Death of Grass,John Christopher,"Christopher, John",,"=""0722122977""","=""9780722122976""",0,3.88,Sphere (London),Paperback,222,1982,1956,,2016/04/04,to-read,to-read (#261),to-read,,,,,,,0,,,,,
830,Snow Crash,Neal Stephenson,"Stephenson, Neal",,"=""0553380958""","=""9780553380958""",0,4.01,Bantam Books,Paperback,470,2000,1992,,2016/04/04,to-read,to-read (#260),to-read,,,,,,,0,,,,,
7745,Fear and Loathing in Las Vegas,Hunter S. Thompson,"Thompson, Hunter S.",Ralph Steadman,"=""0679785892""","=""9780679785897""",0,4.08,Vintage Books,Paperback,204,1998,1971,,2016/04/04,to-read,to-read (#259),to-read,,,,,,,0,,,,,
166997,Stoner,John Edward Williams,"Williams, John Edward",John McGahern,"=""1590171993""","=""9781590171998""",0,4.26,NYRB Classics,Paperback,278,2006,1965,,2016/04/04,to-read,to-read (#258),to-read,,,,,,,0,,,,,
88077,The Magic Mountain,Thomas Mann,"Mann, Thomas",John E. Woods,"=""0679772871""","=""9780679772873""",0,4.13,Vintage,Paperback,706,1996,1924,,2016/04/04,to-read,to-read (#257),to-read,,,,,,,0,,,,,
70401,On the Road,Jack Kerouac,"Kerouac, Jack",,"=""0140042598""","=""9780140042597""",0,3.65,Penguin Books,Paperback,307,1976,1955,,2016/04/04,to-read,to-read (#256),to-read,,,,,,,0,,,,,
394535,"Blood Meridian, or the Evening Redness in the West",Cormac McCarthy,"McCarthy, Cormac",,"=""0679728759""","=""9780679728757""",0,4.19,Vintage Books,Paperback,337,1992,1985,,2016/04/04,to-read,to-read (#255),to-read,,,,,,,0,,,,,
19106,The Nose,Nikolai Gogol,"Gogol, Nikolai",Kevin Hawkes,"=""0688104649""","=""9780688104641""",0,3.93,HarperCollins Publishers,Hardcover,31,1994,1836,,2016/04/04,,,read,,,,,,,0,,,,,
28381,Dead Souls,Nikolai Gogol,"Gogol, Nikolai",Robert A. Maguire,"=""0140448071""","=""9780140448078""",0,3.98,Penguin Classics,Paperback,464,2004,1842,,2016/04/04,to-read,to-read (#254),to-read,,,,,,,0,,,,,
11650,American Pastoral (The American Trilogy #1),Philip Roth,"Roth, Philip",,"=""0099771810""","=""9780099771814""",0,3.92,Vintage,Paperback,432,1998,1997,,2016/04/04,to-read,to-read (#253),to-read,,,,,,,0,,,,,
77013,As I Lay Dying,William Faulkner,"Faulkner, William",,"=""067973225X""","=""9780679732259""",0,3.72,Vintage,Paperback,267,1991,1930,,2016/04/04,to-read,to-read (#252),to-read,,,,,,,0,,,,,
57727,"L.A. Confidential (L.A. Quartet, #3)",James Ellroy,"Ellroy, James",,"=""0099366711""","=""9780099366713""",0,4.20,Arrow,Paperback,496,1994,1990,,2016/04/04,to-read,to-read (#251),to-read,,,,,,,0,,,,,
25631481,Jeremy Hutchinson's Case Histories: From Lady Chatterley's Lover to Howard Marks,Thomas Grant,"Grant, Thomas",,"=""""","=""""",0,4.18,John Murray,Kindle Edition,432,2015,2015,,2016/04/04,to-read,to-read (#250),to-read,,,,,,,0,,,,,
12331767,High-Rise,J.G. Ballard,"Ballard, J.G.",,"=""0871404028""","=""9780871404022""",0,3.76,Liveright,Paperback,208,2012,1975,,2016/04/04,to-read,to-read (#249),to-read,,,,,,,0,,,,,
25912206,The Noise of Time,Julian Barnes,"Barnes, Julian",,"=""1910702609""","=""9781910702604""",0,3.74,Jonathan Cape,Hardcover,180,2016,2016,,2016/04/04,to-read,to-read (#248),to-read,,,,,,,0,,,,,
17800,"Dance Dance Dance (The Rat, #4)",Haruki Murakami,"Murakami, Haruki",,"=""0099448769""","=""9780099448761""",0,4.02,Vintage,Paperback,393,2002,1988,,2016/04/04,to-read,to-read (#247),to-read,,,,,,,0,,,,,
226973,"Hear the Wind Sing (The Rat, #1)",Haruki Murakami,"Murakami, Haruki",Alfred Birnbaum,"=""4061860267""","=""9784061860261""",0,3.60,Kodansha International Ltd.,Paperback,130,1979,1979,,2016/04/04,to-read,to-read (#246),to-read,,,,,,,0,,,,,
591978,"Pinball, 1973 (The Rat, #2)",Haruki Murakami,"Murakami, Haruki",Alfred Birnbaum,"=""4061860127""","=""9784061860124""",0,3.61,Kodansha International Ltd.,Paperback,215,1980,1980,,2016/04/04,to-read,to-read (#245),to-read,,,,,,,0,,,,,
17799,"South of the Border, West of the Sun",Haruki Murakami,"Murakami, Haruki",Philip Gabriel,"=""0099448572""","=""9780099448570""",0,3.87,Vintage,Paperback,190,2006,1992,,2016/04/04,to-read,to-read (#244),to-read,,,,,,,0,,,,,
11298,"A Wild Sheep Chase (The Rat, #3)",Haruki Murakami,"Murakami, Haruki",Alfred Birnbaum,"=""037571894X""","=""9780375718946""",0,3.94,Vintage,Paperback,353,2002,1982,,2016/04/04,to-read,to-read (#243),to-read,,,,,,,0,,,,,
11692,The Black Book,Orhan Pamuk,"Pamuk, Orhan",Maureen Freely,"=""1400078652""","=""9781400078653""",0,3.87,Vintage,Paperback,466,2006,1990,,2016/04/04,to-read,to-read (#242),to-read,,,,,,,0,,,,,
2517,My Name is Red,Orhan Pamuk,"Pamuk, Orhan",Erdağ M. Göknar,"=""0375706852""","=""9780375706851""",0,3.81,Vintage,Paperback,417,2002,1998,,2016/04/04,to-read,to-read (#241),to-read,,,,,,,0,,,,,
28920,A Pale View of Hills,Kazuo Ishiguro,"Ishiguro, Kazuo",,"=""0571225373""","=""9780571225378""",0,3.69,Faber and Faber,Paperback,183,2005,1982,,2016/03/25,to-read,to-read (#240),to-read,,,,,,,0,,,,,
11334,Song of Solomon,Toni Morrison,"Morrison, Toni",,"=""140003342X""","=""9781400033423""",0,3.98,Vintage,Paperback,337,2004,1977,,2016/03/25,to-read,to-read (#239),to-read,,,,,,,0,,,,,
6192,Disgrace,J.M. Coetzee,"Coetzee, J.M.",,"=""0143036378""","=""9780143036371""",0,3.83,Penguin Books,Paperback,220,2005,1999,,2016/03/25,to-read,to-read (#238),to-read,,,,,,,0,,,,,
24994837,La Fin des temps,Haruki Murakami,"Murakami, Haruki",,"=""2757837052""","=""9782757837054""",0,4.15,Seuil,Mass Market Paperback,629,1992,1985,,2016/03/21,to-read,to-read (#237),to-read,,,,,,,0,,,,,
27821516,L'Étrange Bibliothèque,Haruki Murakami,"Murakami, Haruki","Kat Menschik, Hélène Morita","=""2714459552""","=""9782714459558""",0,3.56,Belfond,Paperback,72,2015,2005,,2016/03/21,to-read,to-read (#236),to-read,,,,,,,0,,,,,
589979,"Daughter of the Empire (The Empire Trilogy, #1)",Raymond E. Feist,"Feist, Raymond E.",Janny Wurts,"=""055327211X""","=""9780553272116""",0,4.22,Spectra,Mass Market Paperback,421,1988,1987,,2016/03/21,to-read,to-read (#235),to-read,,,,,,,0,,,,,
13812,"Magician: Apprentice (The Riftwar Saga, #1)",Raymond E. Feist,"Feist, Raymond E.",,"=""0553564943""","=""9780553564945""",0,4.17,Bantam Spectra,Mass Market Paperback,485,1994,1982,,2016/03/21,to-read,to-read (#234),to-read,,,,,,,0,,,,,
123471,I Am a Strange Loop,Douglas R. Hofstadter,"Hofstadter, Douglas R.",,"=""0465030785""","=""9780465030781""",0,3.91,Basic Books,Hardcover,436,2007,2007,,2016/03/21,to-read,to-read (#233),to-read,,,,,,,0,,,,,
26352722,Que Ma Joie Demeure,Jean Giono,"Giono, Jean",,"=""2246123798""","=""9782246123798""",0,5.00,Grasset,ebook,490,2011,2011,,2016/03/09,to-read,to-read (#232),to-read,,,,,,,0,,,,,
1514057,Un roi sans divertissement,Jean Giono,"Giono, Jean",,"=""2070362205""","=""9782070362202""",0,3.66,Editions Gallimard,Mass Market Paperback,244,2004,1947,,2016/03/09,to-read,to-read (#231),to-read,,,,,,,0,,,,,
2939995,Two Riders of the Storm,Jean Giono,"Giono, Jean",Alan Brown,"=""0720611598""","=""9780720611595""",0,3.50,Peter Owen Publishers,Paperback,200,2002,1972,,2016/03/09,to-read,to-read (#230),to-read,,,,,,,0,,,,,
120461,Oscar et la dame rose,Éric-Emmanuel Schmitt,"Schmitt, Éric-Emmanuel",,"=""2226135022""","=""9782226135025""",0,4.18,Albin Michel,Paperback,100,2002,1996,,2016/03/05,to-read,to-read (#229),to-read,,,,,,,0,,,,,
59149,Beware of Pity,Stefan Zweig,"Zweig, Stefan","Phyllis Blewitt, Trevor Blewitt","=""1590172000""","=""9781590172001""",0,4.19,NYRB Classics,Paperback,353,2006,1939,,2016/03/05,to-read,to-read (#228),to-read,,,,,,,0,,,,,
629429,The World of Yesterday,Stefan Zweig,"Zweig, Stefan",Harry Zohn,"=""0803252242""","=""9780803252240""",0,4.41,University of Nebraska Press,Paperback,461,1964,1942,,2016/03/05,,,read,,,,,,,0,,,,,
234225,"Dune (Dune Chronicles, #1)",Frank Herbert,"Herbert, Frank",,"=""0340839937""","=""9780340839935""",5,4.17,Hodder & Stoughton,Paperback,604,2006,1965,2016/03/05,2016/02/11,,,read,,,,,,,0,,,,,
376561,Invitation to a Beheading,Vladimir Nabokov,"Nabokov, Vladimir",,"=""0679725318""","=""9780679725312""",0,3.94,Vintage,Paperback,223,1989,1936,,2016/02/11,to-read,to-read (#227),to-read,,,,,,,0,,,,,
304217,Viriconium,M. John Harrison,"Harrison, M. John",Neil Gaiman,"=""0553383159""","=""9780553383157""",0,3.76,Spectra,Paperback,462,2005,2000,,2016/02/11,to-read,to-read (#226),to-read,,,,,,,0,,,,,
6493321,Logicomix: An epic search for truth,Apostolos Doxiadis,"Doxiadis, Apostolos","Christos H. Papadimitriou, Alecos Papadatos, Annie Di Donna","=""1596914521""","=""9781596914520""",0,3.99,Bloomsbury (NYC),Paperback,352,2009,2009,,2016/01/19,,,read,,,,,,,0,,,,,
15195,"The Complete Maus (Maus, #1-2)",Art Spiegelman,"Spiegelman, Art",,"=""0141014083""","=""9780141014081""",0,4.51,Penguin Books,Paperback,296,2003,1986,,2016/01/18,,,read,,,,,,,0,,,,,
7628,The Good Soldier,Ford Madox Ford,"Ford, Ford Madox","Kenneth Womack, William Baker","=""1551113813""","=""9781551113814""",3,3.72,Broadview Press,Paperback,368,2003,1915,2016/01/18,2016/01/18,,,read,,,,,,,0,,,,,
13314298,"死神永生 (三体, #3)",Liu Cixin,"Cixin, Liu",刘慈欣,"=""7229030935""","=""9787229030933""",0,4.57,重庆出版社,Paperback,513,2010,2010,,2016/01/09,to-read,to-read (#225),to-read,,,,,,,0,,,,,
23168817,The Dark Forest,Liu Cixin,"Cixin, Liu",Joel Martinsen,"=""076537708X""","=""9780765377081""",0,4.40,Tor Books,Hardcover,512,2015,2008,,2016/01/09,to-read,to-read (#224),to-read,,,,,,,0,,,,,
736394,The Keep,Jennifer Egan,"Egan, Jennifer",,"=""1400079748""","=""9781400079742""",0,3.42,Anchor,Paperback,255,2007,2006,,2016/01/08,to-read,to-read (#223),to-read,,,,,,,0,,,,,
25739005,Beginners,Raymond Carver,"Carver, Raymond",,"=""0307947920""","=""9780307947925""",0,4.18,Vintage,Paperback,240,2015,1986,,2016/01/05,to-read,to-read (#222),to-read,,,,,,,0,,,,,
17939324,The Sound and the Fury,William Faulkner,"Faulkner, William",Michael Gorra,"=""0393912698""","=""9780393912692""",0,3.85,W. W. Norton & Company,Paperback,528,2014,1929,,2016/01/05,to-read,to-read (#221),to-read,,,,,,,0,,,,,
13480960,The Stranger,Albert Camus,"Camus, Albert",Matthew Ward,"=""0679720200""","=""9780679720201""",0,3.94,Vintage International,Paperback,123,1989,1942,,2016/01/05,to-read,to-read (#220),to-read,,,,,,,0,,,,,
18655998,The Goldfinch,Donna Tartt,"Tartt, Donna",,"=""0316055441""","=""9780316055444""",0,3.86,Back Bay Books,Paperback,771,2015,2013,,2016/01/05,to-read,to-read (#219),to-read,,,,,,,0,,,,,
9691607,Room,Emma Donoghue,"Donoghue, Emma",,"=""0316098329""","=""9780316098328""",0,3.99,Back Bay Books,Paperback,321,2011,2010,,2016/01/05,to-read,to-read (#218),to-read,,,,,,,0,,,,,
17165596,The Kite Runner,Khaled Hosseini,"Hosseini, Khaled",,"=""159463193X""","=""9781594631931""",0,4.23,Riverhead Books,Paperback,371,2013,2003,,2016/01/05,to-read,to-read (#217),to-read,,,,,,,0,,,,,
12292211,The Girl Who Played with Fire,Stieg Larsson,"Larsson, Stieg",,"=""0307949508""","=""9780307949509""",0,4.21,"Vintage Books, a division of Random House, Inc., New York",Mass Market Paperback,724,2011,2006,,2016/01/05,to-read,to-read (#215),to-read,,,,,,,0,,,,,
7171913,A Moveable Feast,Ernest Hemingway,"Hemingway, Ernest","Patrick Hemingway, Seán Hemingway","=""143918271X""","=""9781439182710""",0,4.03,Scribner,Paperback,236,2010,1964,,2016/01/05,to-read,to-read (#216),to-read,,,,,,,0,,,,,
12844328,Girl Who Kicked The Hornet's Nest,Stieg Larsson,"Larsson, Stieg",,"=""0307742539""","=""9780307742537""",0,4.19,"Vintage Crime, Random House",Paperback,820,2012,2007,,2016/01/05,to-read,to-read (#214),to-read,,,,,,,0,,,,,
53835,The Age of Innocence,Edith Wharton,"Wharton, Edith",Maureen Howard,"=""159308143X""","=""9781593081430""",0,3.92,Barnes & Noble Classics,Paperback,305,2004,1920,,2016/01/05,to-read,to-read (#213),to-read,,,,,,,0,,,,,
2544454,Siddhartha,Hermann Hesse,"Hesse, Hermann","Robert A.F. Thurman, Rika Lesser","=""1593083793""","=""9781593083793""",0,3.97,Barnes & Noble Classics,Paperback,160,2007,1922,,2016/01/05,to-read,to-read (#212),to-read,,,,,,,0,,,,,
51533,Sons and Lovers,D.H. Lawrence,"Lawrence, D.H.",Victoria Blake,"=""1593080131""","=""9781593080136""",0,3.60,Barnes & Noble Classics,Paperback,512,2003,1913,,2016/01/05,to-read,to-read (#211),to-read,,,,,,,0,,,,,
19090,Middlemarch,George Eliot,"Eliot, George","Megan McDaniel, Lynne Sharon Schwartz, Lynn Sharon Schwartz","=""1593080239""","=""9781593080235""",0,3.91,Barnes & Noble Classics,Paperback,848,2003,1872,,2016/01/05,to-read,to-read (#210),to-read,,,,,,,0,,,,,
11275,The Wind-Up Bird Chronicle,Haruki Murakami,"Murakami, Haruki",Jay Rubin,"=""0965341984""","=""9780965341981""",0,4.17,Knopf,Paperback,607,1997,1994,,2015/12/13,to-read,to-read (#209),to-read,,,,,,,0,,,,,
10357575,"1Q84 (1Q84, #1-3)",Haruki Murakami,"Murakami, Haruki","Jay Rubin, Philip Gabriel","=""0307593312""","=""9780307593313""",5,3.86,Knopf,Hardcover,925,2011,2010,,2015/12/13,,,read,,,,,,,0,,,,,
26870956,Proust: The Search (Jewish Lives),Benjamin Taylor,"Taylor, Benjamin",,"=""""","=""""",0,3.88,Yale University Press,Kindle Edition,224,2015,2015,,2015/12/08,to-read,to-read (#207),to-read,,,,,,,0,,,,,
24611937,"Strangers Drowning: Grappling with Impossible Idealism, Drastic Choices, and the Overpowering Urge to Help",Larissa MacFarquhar,"MacFarquhar, Larissa",,"=""1594204330""","=""9781594204333""",0,3.99,Penguin Press,Hardcover,400,2015,2015,,2015/12/08,to-read,to-read (#206),to-read,,,,,,,0,,,,,
497499,The Door,Magda Szabó,"Szabó, Magda",Len Rix,"=""1843431939""","=""9781843431930""",0,4.11,Harvill Press,Hardcover,272,2005,1987,,2015/12/04,to-read,to-read (#205),to-read,,,,,,,0,,,,,
22929586,A Manual for Cleaning Women: Selected Stories,Lucia Berlin,"Berlin, Lucia","Stephen Emerson, Lydia Davis","=""0374202397""","=""9780374202392""",0,4.18,"Farrar, Straus and Giroux",Hardcover,432,2015,2015,,2015/12/04,to-read,to-read (#204),to-read,,,,,,,0,,,,,
21400742,Outline,Rachel Cusk,"Cusk, Rachel",,"=""0571233627""","=""9780571233625""",0,3.41,Faber & Faber,Hardcover,249,2014,2014,,2015/12/04,to-read,to-read (#203),to-read,,,,,,,0,,,,,
22237161,The Sellout,Paul Beatty,"Beatty, Paul",,"=""0374260508""","=""9780374260507""",0,3.84,"Farrar, Straus and Giroux",Hardcover,289,2015,2015,,2015/12/04,to-read,to-read (#202),to-read,,,,,,,0,,,,,
25489625,Between the World and Me,Ta-Nehisi Coates,"Coates, Ta-Nehisi",,"=""0812993543""","=""9780812993547""",0,4.40,Spiegel & Grau,Hardcover,152,2015,2015,,2015/12/04,to-read,to-read (#201),to-read,,,,,,,0,,,,,
18803640,H is for Hawk,Helen Macdonald,"Macdonald, Helen",,"=""0224097008""","=""9780224097000""",0,3.79,Jonathan Cape,Hardcover,320,2014,2015,,2015/12/04,to-read,to-read (#200),to-read,,,,,,,0,,,,,
22237163,One of Us: Anders Breivik and the Massacre in Norway,Åsne Seierstad,"Seierstad, Åsne",Sarah Death,"=""0374277893""","=""9780374277895""",0,4.25,"Farrar, Straus and Giroux",Hardcover,530,2015,2015,,2015/12/04,to-read,to-read (#199),to-read,,,,,,,0,,,,,
24113,"Gödel, Escher, Bach: An Eternal Golden Braid",Douglas R. Hofstadter,"Hofstadter, Douglas R.",,"=""0465026567""","=""9780465026562""",0,4.29,Basic Books,Paperback,822,1999,1979,,2015/11/29,to-read,to-read (#198),to-read,,,,,,,0,,,,,
910863,"Spin (Spin, #1)",Robert Charles Wilson,"Wilson, Robert Charles",,"=""076534825X""","=""9780765348258""",0,4.00,Tor Science Fiction,Mass Market Paperback,458,2006,2005,,2015/11/26,to-read,to-read (#197),to-read,,,,,,,0,,,,,
6506307,"Blackout (All Clear, #1)",Connie Willis,"Willis, Connie",,"=""0553803190""","=""9780553803198""",0,3.82,Spectra Books,Hardcover,512,2010,2010,,2015/11/26,to-read,to-read (#196),to-read,,,,,,,0,,,,,
13055592,Redshirts,John Scalzi,"Scalzi, John",,"=""0765316994""","=""9780765316998""",0,3.82,Tor Books,Hardcover,320,2012,2012,,2015/11/26,to-read,to-read (#195),to-read,,,,,,,0,,,,,
17333324,"Ancillary Justice (Imperial Radch, #1)",Ann Leckie,"Leckie, Ann",,"=""031624662X""","=""9780316246620""",0,3.96,Orbit,Paperback,386,2013,2013,,2015/11/26,to-read,to-read (#194),to-read,,,,,,,0,,,,,
2744,Anansi Boys,Neil Gaiman,"Gaiman, Neil",,"=""0060515198""","=""9780060515195""",0,3.99,HarperCollins HarperTorch,Mass Market Paperback,384,2006,2005,,2015/11/26,to-read,to-read (#193),to-read,,,,,,,0,,,,,
4407,American Gods,Neil Gaiman,"Gaiman, Neil",,"=""0747263744""","=""9780747263746""",0,4.10,Headline Review,Paperback,635,2005,2001,,2015/11/26,to-read,to-read (#192),to-read,,,,,,,0,,,,,
4703581,The City & the City,China Miéville,"Miéville, China",,"=""0345497511""","=""9780345497512""",0,3.91,Del Rey,Hardcover,312,2009,2009,,2015/11/26,to-read,to-read (#191),to-read,,,,,,,0,,,,,
6931246,Kraken,China Miéville,"Miéville, China",,"=""034549749X""","=""9780345497499""",0,3.60,Del Rey,Hardcover,509,2010,2010,,2015/11/26,to-read,to-read (#190),to-read,,,,,,,0,,,,,
15783514,The Ocean at the End of the Lane,Neil Gaiman,"Gaiman, Neil",,"=""0062255657""","=""9780062255655""",0,3.98,William Morrow Books,Hardcover,178,2013,2013,,2015/11/26,to-read,to-read (#189),to-read,,,,,,,0,,,,,
17910048,The Goblin Emperor,Katherine Addison,"Addison, Katherine",,"=""076532699X""","=""9780765326997""",0,4.06,Tor Books,Hardcover,446,2014,2014,,2015/11/26,to-read,to-read (#188),to-read,,,,,,,0,,,,,
20518872,The Three-Body Problem,Liu Cixin,"Cixin, Liu",Ken Liu,"=""0765377063""","=""9780765377067""",0,3.98,Tor Books,Hardcover,400,2014,2008,,2015/11/26,to-read,to-read (#187),to-read,,,,,,,0,,,,,
816,Cryptonomicon,Neal Stephenson,"Stephenson, Neal",,"=""0060512806""","=""9780060512804""",0,4.24,Avon,Paperback,1139,2002,1999,,2015/10/25,to-read,to-read (#186),to-read,,,,,,,0,,,,,
12111823,"The Winds of Winter (A Song of Ice and Fire, #6)",George R.R. Martin,"Martin, George R.R.",,"=""0002247410""","=""9780002247412""",0,4.32,HarperVoyager,Hardcover,,,,,2015/10/25,to-read,to-read (#185),to-read,,,,,,,0,,,,,
10664113,"A Dance with Dragons (A Song of Ice and Fire, #5)",George R.R. Martin,"Martin, George R.R.",,"=""""","=""""",0,4.28,Bantam,Kindle Edition,1125,2011,2011,,2015/10/25,to-read,to-read (#184),to-read,,,,,,,0,,,,,
13497,"A Feast for Crows (A Song of Ice and Fire, #4)",George R.R. Martin,"Martin, George R.R.",,"=""055358202X""","=""9780553582024""",0,4.07,Bantam,Mass Market Paperback,1060,2006,2005,,2015/10/25,to-read,to-read (#183),to-read,,,,,,,0,,,,,
62291,"A Storm of Swords (A Song of Ice and Fire, #3)",George R.R. Martin,"Martin, George R.R.",,"=""055357342X""","=""9780553573428""",0,4.54,Bantam,Mass Market Paperback,1177,2003,2000,,2015/10/25,to-read,to-read (#182),to-read,,,,,,,0,,,,,
10572,"A Clash of Kings  (A Song of Ice and Fire, #2)",George R.R. Martin,"Martin, George R.R.",,"=""0553381695""","=""9780553381696""",0,4.39,Bantam,Paperback,761,2002,1998,,2015/10/25,to-read,to-read (#181),to-read,,,,,,,0,,,,,
23692271,Sapiens: A Brief History of Humankind,Yuval Noah Harari,"Harari, Yuval Noah",,"=""""","=""""",0,4.25,Harvill Secker,Paperback,443,2014,2011,,2015/10/21,to-read,to-read (#180),to-read,,,,,,,0,,,,,
23719408,Under the Udala Trees,Chinelo Okparanta,"Okparanta, Chinelo",,"=""0544003446""","=""9780544003446""",0,3.92,Houghton Mifflin Harcourt,Hardcover,328,2015,2015,,2015/08/31,to-read,to-read (#179),to-read,,,,,,,0,,,,,
125523,The Half Brother,Lars Saabye Christensen,"Christensen, Lars Saabye",Kenneth Steven,"=""1559707593""","=""9781559707596""",0,4.08,Arcade Publishing,Paperback,696,2005,2001,,2015/08/30,to-read,to-read (#178),to-read,,,,,,,0,,,,,
398323,Out Stealing Horses,Per Petterson,"Petterson, Per",Anne Born,"=""1555974708""","=""9781555974701""",0,3.78,Graywolf Press,Hardcover,258,2007,2003,,2015/08/30,to-read,to-read (#177),to-read,,,,,,,0,,,,,
430027,"Brother, I'm Dying",Edwidge Danticat,"Danticat, Edwidge",,"=""1400041155""","=""9781400041152""",0,4.06,Knopf,Hardcover,272,2007,2007,,2015/08/30,to-read,to-read (#176),to-read,,,,,,,0,,,,,
1617,"Night (The Night Trilogy, #1)",Elie Wiesel,"Wiesel, Elie",Marion Wiesel,"=""0374500010""","=""9780374500016""",0,4.27,Hill and Wang,Paperback,115,2006,1958,,2015/08/30,to-read,to-read (#175),to-read,,,,,,,0,,,,,
5211,A Fine Balance,Rohinton Mistry,"Mistry, Rohinton",,"=""140003065X""","=""9781400030651""",0,4.33,Vintage,Paperback,603,2001,1995,,2015/08/30,to-read,to-read (#174),to-read,,,,,,,0,,,,,
13320466,The Twelve Tribes of Hattie,Ayana Mathis,"Mathis, Ayana",,"=""0385350287""","=""9780385350280""",0,3.45,Knopf,Hardcover,243,2012,2012,,2015/08/30,to-read,to-read (#173),to-read,,,,,,,0,,,,,
11208,How the García Girls Lost Their Accents ,Julia Alvarez,"Alvarez, Julia",,"=""0452287073""","=""9780452287075""",0,3.61,Plume,Paperback,304,2005,1991,,2015/08/30,to-read,to-read (#172),to-read,,,,,,,0,,,,,
50696,The Ghost Writer,Philip Roth,"Roth, Philip",,"=""0099477572""","=""9780099477570""",0,3.81,Vintage,Paperback,179,2005,1979,,2015/08/30,to-read,to-read (#171),to-read,,,,,,,0,,,,,
11206,In the Time of the Butterflies,Julia Alvarez,"Alvarez, Julia",,"=""0452274427""","=""9780452274426""",0,4.13,Plume,Paperback,324,1995,1994,,2015/08/30,to-read,to-read (#170),to-read,,,,,,,0,,,,,
82751,Chinese Cinderella: The True Story of an Unwanted Daughter,Adeline Yen Mah,"Mah, Adeline Yen",,"=""0440228654""","=""9780440228653""",0,4.03,Laurel Leaf (Random House Children's Books ),Paperback,205,2009,1999,,2015/08/30,to-read,to-read (#169),to-read,,,,,,,0,,,,,
764,Del amor y otros demonios,Gabriel Garcí­a Márquez,"Márquez, Gabriel Garcí­a",,"=""0307350444""","=""9780307350442""",0,3.98,Plaza y Janes,Paperback,176,2006,1994,,2015/08/30,to-read,to-read (#168),to-read,,,,,,,0,,,,,
9777,The God of Small Things,Arundhati Roy,"Roy, Arundhati",,"=""0679457313""","=""9780679457312""",0,3.90,Random House,Hardcover,340,1997,1997,,2015/08/30,to-read,to-read (#167),to-read,,,,,,,0,,,,,
10306358,We the Animals,Justin Torres,"Torres, Justin",,"=""0547576722""","=""9780547576725""",0,3.59,Houghton Mifflin Harcourt,Hardcover,128,2011,2011,,2015/08/30,to-read,to-read (#166),to-read,,,,,,,0,,,,,
15811545,A Tale for the Time Being,Ruth Ozeki,"Ozeki, Ruth",,"=""0670026638""","=""9780670026630""",0,3.96,Viking,Hardcover,422,2013,2013,,2015/08/30,to-read,to-read (#165),to-read,,,,,,,0,,,,,
67,The Known World,Edward P. Jones,"Jones, Edward P.",,"=""0061159174""","=""9780061159176""",0,3.81,Amistad,Paperback,432,2006,2003,,2015/08/30,to-read,to-read (#164),to-read,,,,,,,0,,,,,
23168294,Barefoot to Avalon: A Brother's Story,David     Payne,"Payne, David",,"=""0802123546""","=""9780802123541""",0,3.82,Atlantic Monthly Press,Hardcover,304,2015,2015,,2015/08/30,to-read,to-read (#163),to-read,,,,,,,0,,,,,
17286683,Men We Reaped,Jesmyn Ward,"Ward, Jesmyn",,"=""160819521X""","=""9781608195213""",0,3.97,Bloomsbury USA,Hardcover,256,2013,2013,,2015/08/30,to-read,to-read (#162),to-read,,,,,,,0,,,,,
11250317,The Song of Achilles,Madeline Miller,"Miller, Madeline",,"=""1408816032""","=""9781408816035""",0,4.21,Bloomsbury Publishing,Hardcover,352,2011,2011,,2015/08/30,to-read,to-read (#161),to-read,,,,,,,0,,,,,
16143347,We Were Liars,E. Lockhart,"Lockhart, E.",,"=""""","=""""",0,3.86,Delacorte Press,Kindle Edition,242,2014,2014,,2015/08/30,to-read,to-read (#160),to-read,,,,,,,0,,,,,
15771862,Wave,Sonali Deraniyagala,"Deraniyagala, Sonali",,"=""""","=""""",0,3.68,Knopf,Kindle Edition,274,2013,2013,,2015/08/30,to-read,to-read (#159),to-read,,,,,,,0,,,,,
16073074,One Hundred Apocalypses and Other Apocalypses,Lucy Corin,"Corin, Lucy",,"=""1938073339""","=""9781938073335""",0,3.62,McSweeney's,Hardcover,192,2013,2013,,2015/08/29,to-read,to-read (#158),to-read,,,,,,,0,,,,,
155641,Notable American Women,Ben Marcus,"Marcus, Ben",,"=""0375713786""","=""9780375713781""",0,3.82,Vintage,Paperback,243,2002,2002,,2015/08/29,to-read,to-read (#157),to-read,,,,,,,0,,,,,
101334,Remainder,Tom McCarthy,"McCarthy, Tom",,"=""0307278352""","=""9780307278357""",0,3.63,Vintage,Paperback,308,2007,2001,,2015/08/29,to-read,to-read (#156),to-read,,,,,,,0,,,,,
23308445,Book of Numbers,Joshua Cohen,"Cohen, Joshua",,"=""0812996917""","=""9780812996913""",0,2.90,Random House,Hardcover,580,2015,2015,,2015/08/29,to-read,to-read (#155),to-read,,,,,,,0,,,,,
9998,The Woman in the Dunes,Kōbō Abe,"Abe, Kōbō",E. Dale Saunders,"=""0679733787""","=""9780679733782""",0,3.90,Vintage,Paperback,256,1991,1962,,2015/08/29,to-read,to-read (#154),to-read,,,,,,,0,,,,,
16158505,A Guide to Being Born: Stories,Ramona Ausubel,"Ausubel, Ramona",,"=""1594487952""","=""9781594487958""",0,3.70,Riverhead Books,Hardcover,198,2013,2013,,2015/08/29,to-read,to-read (#153),to-read,,,,,,,0,,,,,
206472,What the Living Do: Poems,Marie Howe,"Howe, Marie",,"=""0393318869""","=""9780393318869""",0,4.28,W. W. Norton,Paperback,91,1999,1997,,2015/08/29,to-read,to-read (#152),to-read,,,,,,,0,,,,,
5439,Interpreter of Maladies,Jhumpa Lahiri,"Lahiri, Jhumpa",,"=""0618101365""","=""9780618101368""",0,4.10,Houghton Mifflin Harcourt,Paperback,198,2000,1999,,2015/08/29,to-read,to-read (#151),to-read,,,,,,,0,,,,,
20613761,Citizen: An American Lyric,Claudia Rankine,"Rankine, Claudia",,"=""1555976905""","=""9781555976903""",0,4.26,Graywolf Press,Paperback,169,2014,2014,,2015/08/29,to-read,to-read (#150),to-read,,,,,,,0,,,,,
18423,The Left Hand of Darkness,Ursula K. Le Guin,"Guin, Ursula K. Le",,"=""0441007317""","=""9780441007318""",0,4.05,Ace,Paperback,304,2000,1969,,2015/08/29,to-read,to-read (#149),to-read,,,,,,,0,,,,,
6277227,White is for Witching,Helen Oyeyemi,"Oyeyemi, Helen",,"=""0330458140""","=""9780330458146""",0,3.61,Picador USA,ebook,244,2009,2009,,2015/08/29,to-read,to-read (#148),to-read,,,,,,,0,,,,,
14218,Elect Mr. Robinson for a Better World,Donald Antrim,"Antrim, Donald",,"=""0375725032""","=""9780375725036""",0,3.73,Vintage,Paperback,192,2001,1993,,2015/08/29,to-read,to-read (#147),to-read,,,,,,,0,,,,,
37398,"Jazz (Toni Morrison Trilogy, #2)",Toni Morrison,"Morrison, Toni",,"=""0452269652""","=""9780452269651""",0,3.75,Plume,Paperback,229,1993,1992,,2015/08/29,to-read,to-read (#146),to-read,,,,,,,0,,,,,
20170404,Station Eleven,Emily St. John Mandel,"Mandel, Emily St. John",,"=""0385353308""","=""9780385353304""",0,4.00,Knopf,Hardcover,336,2014,2014,,2015/08/29,to-read,to-read (#145),to-read,,,,,,,0,,,,,
16234584,The Drowned World,J.G. Ballard,"Ballard, J.G.",Martin Amis,"=""0871403625""","=""9780871403629""",0,3.56,Liveright,Paperback,198,2013,1962,,2015/08/29,to-read,to-read (#144),to-read,,,,,,,0,,,,,
28434,JR,William Gaddis,"Gaddis, William",Frederick R. Karl,"=""0140187073""","=""9780140187076""",0,4.26,,Paperback,752,1993,1975,,2015/08/29,to-read,to-read (#143),to-read,,,,,,,0,,,,,
190372,The Last Samurai,Helen DeWitt,"DeWitt, Helen",,"=""0786887001""","=""9780786887002""",0,4.14,Miramax Books,Paperback,530,2002,2000,,2015/08/29,to-read,to-read (#142),to-read,,,,,,,0,,,,,
321552,The Agony and the Ecstasy,Irving Stone,"Stone, Irving",,"=""0451171357""","=""9780451171351""",0,4.09,Signet,Paperback,776,1987,1958,,2015/08/29,to-read,to-read (#141),to-read,,,,,,,0,,,,,
14995,"Odd Thomas (Odd Thomas, #1)",Dean Koontz,"Koontz, Dean",,"=""0553384287""","=""9780553384284""",0,3.91,Bantam,Paperback,446,2006,2003,,2015/08/29,to-read,to-read (#140),to-read,,,,,,,0,,,,,
59780,Cosmicomics,Italo Calvino,"Calvino, Italo",William Weaver,"=""0156226006""","=""9780156226004""",0,4.19,Mariner Books,Paperback,153,1976,1965,,2015/08/29,to-read,to-read (#139),to-read,,,,,,,0,,,,,
9639765,Life on Mars,Tracy K. Smith,"Smith, Tracy K.",,"=""1555975844""","=""9781555975845""",0,4.04,Graywolf Press,Paperback,88,2011,2011,,2015/08/29,to-read,to-read (#138),to-read,,,,,,,0,,,,,
6798263,Bluets,Maggie Nelson,"Nelson, Maggie",,"=""1933517409""","=""9781933517407""",0,4.29,Wave Books,Paperback,112,2009,2009,,2015/08/29,to-read,to-read (#137),to-read,,,,,,,0,,,,,
25703773,El hacedor,Jorge Luis Borges,"Borges, Jorge Luis",,"=""""","=""""",0,4.22,DEBOLS!LLO,Kindle Edition,87,2012,1960,,2015/08/23,to-read,to-read (#208),to-read,,,,,,,0,,,,,
54016,Todos los fuegos el fuego,Julio Cortázar,"Cortázar, Julio",Beatriz Colombi,"=""9681675940""","=""9789681675943""",5,4.31,Fondo de Cultura Economica USA,Hardcover,198,2005,1966,2015/08/18,2015/08/12,,,read,,,,,,,0,,,,,
1863845,Solal,Albert Cohen,"Cohen, Albert",,"=""2070372693""","=""9782070372690""",0,4.01,Editions Gallimard,Paperback,473,1981,1930,,2015/08/06,to-read,to-read (#136),to-read,,,,,,,0,,,,,
394487,Lorenzaccio,Alfred de Musset,"Musset, Alfred de",,"=""2030347205""","=""9782030347201""",3,3.67,librairie larousse,Paperback,,1977,1834,,2015/08/06,,,read,,,,,,,0,,,,,
1453138,Le Lion,Joseph Kessel,"Kessel, Joseph",,"=""2070368084""","=""9782070368082""",4,3.87,Folio,Mass Market Paperback,243,1998,1958,,2015/08/06,,,read,,,,,,,0,,,,,
184618,Belle du Seigneur,Albert Cohen,"Cohen, Albert",,"=""2070404021""","=""9782070404025""",0,4.16,Gallimard,Mass Market Paperback,1110,1998,1968,,2015/08/06,to-read,to-read (#135),to-read,,,,,,,0,,,,,
63137,Niebla ,Miguel de Unamuno,"Unamuno, Miguel de",,"=""8423919153""","=""9788423919154""",3,4.04,Elliot's Books,Paperback,259,1990,1914,,2015/08/06,,,read,,,,,,,0,,,,,
64503,"San Manuel Bueno, mártir",Miguel de Unamuno,"Unamuno, Miguel de",Víctor García de la Concha,"=""8423919102""","=""9788423919109""",4,3.89,Espasa-Calpe,Paperback,172,1991,1930,,2015/08/06,,,read,,,,,,,0,,,,,
106751,Ravage,René Barjavel,"Barjavel, René",,"=""207039428X""","=""9782070394289""",4,3.78,Folio,Mass Market Paperback,361,1996,1943,,2015/07/31,,,read,,,,,,,0,,,,,
962174,La fiesta del chivo,Mario Vargas Llosa,"Llosa, Mario Vargas",,"=""8466318704""","=""9788466318709""",3,4.19,Punto de Lectura,Mass Market Paperback,526,2001,2000,,2015/07/26,,,read,,,,,,,0,,,,,
12764,The Death of Artemio Cruz,Carlos Fuentes,"Fuentes, Carlos",Alfred MacAdam,"=""0374522839""","=""9780374522834""",5,3.87,"Farrar, Straus and Giroux",Paperback,307,1991,1962,,2015/07/26,,,read,,,,,,,0,,,,,
762,Crónica de una muerte anunciada,Gabriel Garcí­a Márquez,"Márquez, Gabriel Garcí­a",,"=""1400034957""","=""9781400034956""",3,3.94,Vintage Espanol,Paperback,118,2003,1981,,2015/07/26,,,read,,,,,,,0,,,,,
129344,Speedboat,Renata Adler,"Adler, Renata",,"=""0060971436""","=""9780060971434""",0,3.87,Harper Perennial,Paperback,192,1988,1976,,2015/07/26,to-read,to-read (#134),to-read,,,,,,,0,,,,,
93242,Ray,Barry Hannah,"Hannah, Barry",,"=""0802133878""","=""9780802133878""",0,4.02,Grove Press,Paperback,128,1994,1980,,2015/07/26,to-read,to-read (#133),to-read,,,,,,,0,,,,,
222388,The Lime Twig,John Hawkes,"Hawkes, John",Leslie A. Fiedler,"=""0811200655""","=""9780811200653""",0,3.84,New Directions,Paperback,192,1961,1961,,2015/07/26,to-read,to-read (#132),to-read,,,,,,,0,,,,,
153426,The Passion According to G.H.,Clarice Lispector,"Lispector, Clarice",Ronald W. Sousa,"=""0816617120""","=""9780816617128""",0,4.15,Univ Of Minnesota Press,Paperback,184,1988,1964,,2015/07/26,to-read,to-read (#131),to-read,,,,,,,0,,,,,
38462,Giovanni's Room,James Baldwin,"Baldwin, James",,"=""0141186356""","=""9780141186351""",0,4.19,,Paperback,159,2000,1956,,2015/07/26,to-read,to-read (#130),to-read,,,,,,,0,,,,,
92570,The Loser,Thomas Bernhard,"Bernhard, Thomas",Jack Dawson,"=""1400077540""","=""9781400077540""",0,4.09,Vintage,Paperback,190,2006,1983,,2015/07/26,to-read,to-read (#129),to-read,,,,,,,0,,,,,
11741,Housekeeping,Marilynne Robinson,"Robinson, Marilynne",,"=""0312424094""","=""9780312424091""",0,3.82,Picador,Paperback,219,2004,1980,,2015/07/26,to-read,to-read (#128),to-read,,,,,,,0,,,,,
513275,Jakob von Gunten,Robert Walser,"Walser, Robert",Christopher Middleton,"=""0940322218""","=""9780940322219""",0,4.02,New York Review Books Classics,Paperback,176,1999,1908,,2015/07/26,to-read,to-read (#127),to-read,,,,,,,0,,,,,
27208,The Third Policeman,Flann O'Brien,"O'Brien, Flann",,"=""156478214X""","=""9781564782144""",0,4.03,Dalkey Archive Press,Paperback,200,1999,1967,,2015/07/26,to-read,to-read (#126),to-read,,,,,,,0,,,,,
89724,We Have Always Lived in the Castle,Shirley Jackson,"Jackson, Shirley",Jonathan Lethem,"=""0143039970""","=""9780143039976""",0,4.05,Penguin,Paperback,160,2006,1962,,2015/07/26,to-read,to-read (#125),to-read,,,,,,,0,,,,,
145542,L'Amant,Marguerite Duras,"Duras, Marguerite",,"=""2707306959""","=""9782707306951""",0,3.77,Editions de Minuit,Paperback,137,1984,1984,,2015/07/26,to-read,to-read (#124),to-read,,,,,,,0,,,,,
59924,The Lathe of Heaven,Ursula K. Le Guin,"Guin, Ursula K. Le",,"=""0060512741""","=""9780060512743""",0,4.09,Harper Perennial,Paperback,176,2003,1971,,2015/07/26,to-read,to-read (#123),to-read,,,,,,,0,,,,,
46182,In Watermelon Sugar,Richard Brautigan,"Brautigan, Richard",,"=""0099437597""","=""9780099437598""",0,4.03,Vintage Classics,Paperback,144,2002,1968,,2015/07/26,to-read,to-read (#122),to-read,,,,,,,0,,,,,
293625,Child of God,Cormac McCarthy,"McCarthy, Cormac",,"=""0679728740""","=""9780679728740""",0,3.87,Vintage,Paperback,197,1993,1973,,2015/07/26,to-read,to-read (#121),to-read,,,,,,,0,,,,,
347413,Sleepless Nights,Elizabeth Hardwick,"Hardwick, Elizabeth",Geoffrey O'Brien,"=""0940322722""","=""9780940322721""",0,3.81,NYRB Classics,Paperback,128,2001,1979,,2015/07/26,to-read,to-read (#120),to-read,,,,,,,0,,,,,
212412,Nocturno de Chile,Roberto Bolaño,"Bolaño, Roberto",,"=""8433924648""","=""9788433924643""",4,3.87,Editorial Anagrama,Paperback,152,2013,2000,2015/08/30,2015/07/26,,,read,,,,,,,0,,,,,
137277,The Europeans,Henry James,"James, Henry",,"=""0140621954""","=""9780140621952""",3,3.59,Penguin Books,Paperback,192,1996,1878,,2015/07/16,,,read,,,,,,,0,,,,,
264,The Portrait of a Lady,Henry James,"James, Henry",Patricia Crick,"=""0141439637""","=""9780141439631""",0,3.75,Penguin Classics,Paperback,656,2003,1881,,2015/07/16,to-read,to-read (#119),to-read,,,,,,,0,,,,,
6224935,This is Where I Leave You,Jonathan Tropper,"Tropper, Jonathan",,"=""052595127X""","=""9780525951278""",0,3.87,Orion,Hardcover,339,2009,2009,,2015/07/14,to-read,to-read (#118),to-read,,,,,,,0,,,,,
10600242,How to Be a Woman,Caitlin Moran,"Moran, Caitlin",,"=""0091940737""","=""9780091940737""",0,3.72,Ebury Press,Paperback,312,2011,,,2015/07/14,to-read,to-read (#117),to-read,,,,,,,0,,,,,
4137,Me Talk Pretty One Day,David Sedaris,"Sedaris, David",,"=""0349113912""","=""9780349113913""",0,3.96,"Little, Brown and Company",Paperback,272,2001,2000,,2015/07/14,to-read,to-read (#116),to-read,,,,,,,0,,,,,
9791,A Walk in the Woods: Rediscovering America on the Appalachian Trail,Bill Bryson,"Bryson, Bill",,"=""0307279464""","=""9780307279460""",0,4.05,Anchor,Mass Market Paperback,397,2006,1997,,2015/07/14,to-read,to-read (#115),to-read,,,,,,,0,,,,,
4980,Breakfast of Champions,Kurt Vonnegut,"Vonnegut, Kurt",,"=""0385334206""","=""9780385334204""",0,4.08,Dell Publishing,Paperback,302,2009,1973,,2015/07/14,to-read,to-read (#114),to-read,,,,,,,0,,,,,
43945,Portnoy's Complaint,Philip Roth,"Roth, Philip",,"=""0099399016""","=""9780099399018""",0,3.69,Vintage,Paperback,274,1995,1969,,2015/07/14,to-read,to-read (#113),to-read,,,,,,,0,,,,,
52762,The Stories of Breece D'J Pancake,Breece D'J Pancake,"Pancake, Breece D'J","James Alan McPherson, Andre Dubus III","=""0316715972""","=""9780316715973""",0,4.17,Back Bay Books,Paperback,192,2002,1983,,2015/07/14,to-read,to-read (#112),to-read,,,,,,,0,,,,,
9557,Sputnik Sweetheart,Haruki Murakami,"Murakami, Haruki",Philip Gabriel,"=""0099448475""","=""9780099448471""",0,3.82,Vintage,Paperback,229,2002,1999,,2015/07/14,to-read,to-read (#111),to-read,,,,,,,0,,,,,
46199,Letters to a Young Poet,Rainer Maria Rilke,"Rilke, Rainer Maria","Reginald Snell, Franz Xaver Kappus","=""0486422453""","=""9780486422459""",0,4.34,Dover Publications,Paperback,80,2002,1929,,2015/07/14,to-read,to-read (#110),to-read,,,,,,,0,,,,,
10956,The Virgin Suicides,Jeffrey Eugenides,"Eugenides, Jeffrey",,"=""0747560595""","=""9780747560593""",0,3.82,Bloomsbury Publishing PLC,Paperback,249,2005,1993,,2015/07/14,to-read,to-read (#109),to-read,,,,,,,0,,,,,
12868761,Let's Pretend This Never Happened: A Mostly True Memoir,Jenny  Lawson,"Lawson, Jenny",,"=""0399159010""","=""9780399159015""",0,3.89,Amy Einhorn: Putnam,Hardcover,318,2012,2012,,2015/07/14,to-read,to-read (#108),to-read,,,,,,,0,,,,,
3985,The Amazing Adventures of Kavalier & Clay,Michael Chabon,"Chabon, Michael",,"=""0312282990""","=""9780312282998""",0,4.16,Picador USA,Paperback,639,2001,2000,,2015/07/14,to-read,to-read (#107),to-read,,,,,,,0,,,,,
1474628,The Monsters of Templeton,Lauren Groff,"Groff, Lauren",,"=""0434017841""","=""9780434017843""",0,3.57,Voice,Hardcover,384,2008,2008,,2015/07/14,to-read,to-read (#106),to-read,,,,,,,0,,,,,
6318283,Desert,Jean-Marie G. Le Clézio,"Clézio, Jean-Marie G. Le",C. Dickson,"=""1567923860""","=""9781567923865""",0,3.68,David R. Godine Publisher,Hardcover,352,2009,1980,,2015/07/13,to-read,to-read (#105),to-read,,,,,,,0,,,,,
11449,Cathedral,Raymond Carver,"Carver, Raymond",,"=""0679723692""","=""9780679723691""",0,4.30,Vintage,Paperback,230,1989,1983,,2015/07/13,to-read,to-read (#104),to-read,,,,,,,0,,,,,
11446,"will you please be quiet, please?",Raymond Carver,"Carver, Raymond",,"=""0099449897""","=""9780099449898""",0,4.31,Vintage Random House ,Paperback,181,2003,1976,,2015/07/13,to-read,to-read (#103),to-read,,,,,,,0,,,,,
11438,What We Talk About When We Talk About Love,Raymond Carver,"Carver, Raymond",,"=""0679723056""","=""9780679723059""",0,4.25,Vintage Contemporaries / Vintage Books,Paperback,176,1989,1981,,2015/07/13,to-read,to-read (#102),to-read,,,,,,,0,,,,,
816926,Thérèse Raquin,Émile Zola,"Zola, Émile","Robert Abirached, Auguste Dezelay, Laurence Martin","=""2253010073""","=""9782253010074""",4,3.70,Livre de Poche,Mass Market Paperback,317,1985,1867,,2015/07/13,,,read,,,,,,,0,,,,,
389136,Sido suivi de Les vrilles de la vigne,Colette,"Colette, Colette",,"=""2253005231""","=""9782253005230""",3,3.49,Livre de Poche,Mass Market Paperback,243,1991,1929,,2015/07/13,,,read,,,,,,,0,,,,,
139087,The Line of Beauty,Alan Hollinghurst,"Hollinghurst, Alan",,"=""0739464469""","=""9780739464465""",0,3.68,Bloomsbury,Paperback,438,2004,2004,,2015/07/08,to-read,to-read (#101),to-read,,,,,,,0,,,,,
6693,Fantastic Mr. Fox,Roald Dahl,"Dahl, Roald",Quentin Blake,"=""0375822070""","=""9780375822070""",3,4.01,Knopf Books for Young Readers,Hardcover,96,2002,1970,,2015/06/30,,,read,,,,,,,0,,,,,
394689,Tales of the Unexpected,Roald Dahl,"Dahl, Roald",,"=""0679729895""","=""9780679729891""",4,4.16,Random House Vintage Books,Paperback,471,1990,1979,,2015/06/30,,,read,,,,,,,0,,,,,
6319,The BFG,Roald Dahl,"Dahl, Roald",Quentin Blake,"=""0141311371""","=""9780141311371""",4,4.20,Puffin Books,Paperback,199,2001,1982,,2015/06/30,,,read,,,,,,,0,,,,,
6327,The Witches,Roald Dahl,"Dahl, Roald",Quentin Blake,"=""0590032496""","=""9780590032490""",3,4.15,Scholastic Inc.,Paperback,208,1997,1983,,2015/06/30,,,read,,,,,,,0,,,,,
31456,The Twits,Roald Dahl,"Dahl, Roald",Quentin Blake,"=""0141318309""","=""9780141318301""",3,3.92,Puffin Books,Paperback,96,2004,1980,,2015/06/30,,,read,,,,,,,0,,,,,
39988,Matilda,Roald Dahl,"Dahl, Roald",Quentin Blake,"=""0141301066""","=""9780141301068""",5,4.27,Puffin,Paperback,240,1998,1988,,2015/06/30,,,read,,,,,,,0,,,,,
1582506,King of the Cloud Forests,Michael Morpurgo,"Morpurgo, Michael",,"=""1405226684""","=""9781405226684""",3,3.75,Egmont UK,Paperback,192,2006,1987,,2015/06/30,,,read,,,,,,,0,,,,,
792162,The Wreck of the Zanzibar,Michael Morpurgo,"Morpurgo, Michael",Christian Birmingham,"=""1405209305""","=""9781405209304""",3,3.68,Egmont,Paperback,124,2003,1995,,2015/06/30,,,read,,,,,,,0,,,,,
6631750,Running Wild,Michael Morpurgo,"Morpurgo, Michael",,"=""0007267010""","=""9780007267019""",3,4.16,HarperCollins Children's Books,Hardcover,352,2009,2009,,2015/06/30,,,read,,,,,,,0,,,,,
1033346,Kensuke's Kingdom,Michael Morpurgo,"Morpurgo, Michael",Michael Foreman,"=""1405221747""","=""9781405221740""",4,4.05,Egmont,Paperback,176,2005,1999,,2015/06/30,,,read,,,,,,,0,,,,,
2319961,Psychanalyse des contes de fées,Bruno Bettelheim,"Bettelheim, Bruno",,"=""2266095781""","=""9782266095785""",3,3.87,Laffont,Mass Market Paperback,442,,1975,,2015/06/30,,,read,,,,,,,0,,,,,
3299,De amor y de sombra,Isabel Allende,"Allende, Isabel",,"=""006095129X""","=""9780060951290""",0,3.96,Diana,Paperback,267,,1984,,2015/06/30,to-read,to-read (#100),to-read,,,,,,,0,,,,,
11454,The Stories Of Raymond Carver,Raymond Carver,"Carver, Raymond",,"=""0330285521""","=""9780330285520""",0,4.57,Picador,Paperback,447,1985,1985,,2015/06/30,to-read,to-read (#99),to-read,,,,,,,0,,,,,
6859940,"Au Bonheur des Dames (Les Rougon-Macquart, #11)",Émile Zola,"Zola, Émile",,"=""2081229196""","=""9782081229198""",3,3.96,GF - Flammarion,Paperback,567,2009,1883,,2015/06/30,,,read,,,,,,,0,,,,,
159977,Le père Goriot,Honoré de Balzac,"Balzac, Honoré de",,"=""2070409341""","=""9782070409341""",4,3.81,Éditions Gallimard ,Paperback,436,1999,1835,,2015/06/30,,,read,,,,,,,0,,,,,
3423443,Into the Wild,Jon Krakauer,"Krakauer, Jon",,"=""2264048301""","=""9782264048301""",4,3.92,10/18,Paperback,284,2008,1996,,2015/06/30,,,read,,,,,,,0,,,,,
1383701,Death of a Salesman,Arthur Miller,"Miller, Arthur",,"=""0141182741""","=""9780141182742""",4,3.47,Penguin Classics,Paperback,112,2000,1949,,2015/06/30,,,read,,,,,,,0,,,,,
69716,Annie John,Jamaica Kincaid,"Kincaid, Jamaica",,"=""0099773813""","=""9780099773818""",4,3.62,Vintage,Paperback,160,1997,1985,,2015/06/30,,,read,,,,,,,0,,,,,
1214414,La nuit des temps,René Barjavel,"Barjavel, René",,"=""2266152424""","=""9782266152426""",3,4.09,Pocket,Mass Market Paperback,393,2007,1968,,2015/06/30,,,read,,,,,,,0,,,,,
506576,Les Mots pour le dire,Marie Cardinal,"Cardinal, Marie",,"=""2253015598""","=""9782253015598""",4,3.92,Le Livre de Poche,Mass Market Paperback,279,1977,1975,,2015/06/30,,,read,,,,,,,0,,,,,
25870,Lord of the Flies,William Golding,"Golding, William",,"=""0571084834""","=""9780571084838""",4,3.62,Faber and Faber,Paperback,223,1958,1954,,2015/06/30,,,read,,,,,,,0,,,,,
397537,A l'ouest rien de nouveau,Erich Maria Remarque,"Remarque, Erich Maria",,"=""225300670X""","=""9782253006701""",4,3.89,Livre de Poche,Paperback,253,1973,1928,,2015/06/30,,,read,,,,,,,0,,,,,
3290883,Cause Des Femmes,Gisèle Halimi,"Halimi, Gisèle",,"=""2070384586""","=""9782070384587""",3,3.25,Gallimard Education,Paperback,304,1992,1973,,2015/06/30,,,read,,,,,,,0,,,,,
1402155,Ferragus / La fille aux yeux d'or (Garnier-Flammarion),Honoré de Balzac,"Balzac, Honoré de",,"=""2080704583""","=""9782080704580""",3,3.58,Editions Flammarion,Paperback,350,1993,1835,,2015/06/30,,,read,,,,,,,0,,,,,
996124,Les animaux dénaturés,Vercors,"Vercors, Vercors",,"=""2253010235""","=""9782253010234""",3,3.88,Livre de Poche,Paperback,288,2014,1952,,2015/06/30,,,read,,,,,,,0,,,,,
9576580,"Dehors les Chiens, les Infidèles",Maïa Mazaurette,"Mazaurette, Maïa",,"=""2070343243""","=""9782070343249""",4,3.64,Folio,Mass Market Paperback,448,2010,2008,,2015/06/30,,,read,,,,,,,0,,,,,
246439,Odas Elementales,Pablo Neruda,"Neruda, Pablo",,"=""9507314148""","=""9789507314148""",0,4.40,Editorial Seix Barral,Paperback,277,2004,1961,,2015/06/30,to-read,to-read (#98),to-read,,,,,,,0,,,,,
355513,Les Testaments Trahis,Milan Kundera,"Kundera, Milan",,"=""2070414345""","=""9782070414345""",4,4.03,Gallimard Education,Paperback,322,2000,1993,,2015/06/30,,,read,,,,,,,0,,,,,
730165,Le Baron perché,Italo Calvino,"Calvino, Italo",Juliette Bertrand,"=""2020551470""","=""9782020551472""",4,4.06,Seuil,Paperback,321,2002,1957,,2015/06/30,,,read,,,,,,,0,,,,,
273926,El coronel no tiene quien le escriba,Gabriel Garcí­a Márquez,"Márquez, Gabriel Garcí­a",,"=""8497592352""","=""9788497592352""",4,3.70,DeBolsillo,Paperback,104,2009,1961,,2015/06/30,,,read,,,,,,,0,,,,,
18330383,Collected Poems,Sujata Bhatt,"Bhatt, Sujata",,"=""185754997X""","=""9781857549973""",0,4.20,Carcanet Press Ltd.,Paperback,320,2013,2013,,2015/06/30,to-read,to-read (#97),to-read,,,,,,,0,,,,,
387810,"Selected Poems, 1954-1986",Tomas Tranströmer,"Tranströmer, Tomas","Robert Hass, May Swenson, Eric Sellin, Robin Fulton, Samuel Charters","=""0880014032""","=""9780880014038""",0,4.31,Ecco,Paperback,208,2000,1981,,2015/06/30,to-read,to-read (#96),to-read,,,,,,,0,,,,,
367802,Collected Poems,Dylan Thomas,"Thomas, Dylan",,"=""0811202054""","=""9780811202053""",0,4.19,New Directions Publishing Corporation,Paperback,203,2002,1952,,2015/06/30,to-read,to-read (#95),to-read,,,,,,,0,,,,,
20342676,"E. E. Cummings: Complete Poems, 1904-1962 (Revised, Corrected, and Expanded Edition)",E.E. Cummings,"Cummings, E.E.",George James Firmage,"=""""","=""""",0,4.35,Liveright,Hardcover,1136,1994,1991,,2015/06/30,to-read,to-read (#94),to-read,,,,,,,0,,,,,
395090,Ariel,Sylvia Plath,"Plath, Sylvia",,"=""0060931728""","=""9780060931728""",0,4.24,Harper Perennial Modern Classics,Paperback,105,1999,1965,,2015/06/30,to-read,to-read (#93),to-read,,,,,,,0,,,,,
313277,Birthday Letters,Ted Hughes,"Hughes, Ted",,"=""0374525811""","=""9780374525811""",0,3.92,"Farrar, Straus and Giroux",Paperback,198,1999,1998,,2015/06/30,to-read,to-read (#92),to-read,,,,,,,0,,,,,
481558,Wide Sargasso Sea,Jean Rhys,"Rhys, Jean",,"=""0393308804""","=""9780393308808""",0,3.55,W. W. Norton & Company,Paperback,176,1992,1966,,2015/06/30,to-read,to-read (#91),to-read,,,,,,,0,,,,,
530965,The Day of the Triffids,John Wyndham,"Wyndham, John",,"=""0812967127""","=""9780812967128""",0,3.98,Modern Library,Paperback,228,2003,1951,,2015/06/30,to-read,to-read (#90),to-read,,,,,,,0,,,,,
11713,The English Patient,Michael Ondaatje,"Ondaatje, Michael",,"=""0771068719""","=""9780771068713""",0,3.87,McClelland & Stewart,Hardcover,320,2006,1992,,2015/06/30,to-read,to-read (#89),to-read,,,,,,,0,,,,,
46164,Tender Is the Night,F. Scott Fitzgerald,"Fitzgerald, F. Scott",,"=""068480154X""","=""9780684801544""",0,3.83,Scribner,Paperback,317,1995,1934,,2015/06/30,to-read,to-read (#88),to-read,,,,,,,0,,,,,
387348,The Group,Mary McCarthy,"McCarthy, Mary",,"=""0156372088""","=""9780156372084""",0,3.65,Mariner Books,Paperback,492,1991,1963,,2015/06/30,to-read,to-read (#87),to-read,,,,,,,0,,,,,
2818398,The Clothes On Their Backs,Linda Grant,"Grant, Linda",,"=""1844085414""","=""9781844085415""",0,3.29,Virago Press (UK),Hardcover,293,,2008,,2015/06/30,to-read,to-read (#86),to-read,,,,,,,0,,,,,
31122,I Capture the Castle,Dodie Smith,"Smith, Dodie",,"=""0312181108""","=""9780312181109""",4,4.00,Wyatt Book,Hardcover,343,1998,1948,,2015/06/30,,,read,,,,,,,0,,,,,
3102,Howards End,E.M. Forster,"Forster, E.M.",,"=""0486424545""","=""9780486424545""",0,3.94,Dover Publications,Paperback,256,2002,1910,,2015/06/30,to-read,to-read (#85),to-read,,,,,,,0,,,,,
15196,"Maus I: A Survivor's Tale: My Father Bleeds History (Maus, #1)",Art Spiegelman,"Spiegelman, Art",,"=""0394541553""","=""9780394541556""",0,4.34,Pantheon Books,Hardcover,159,1991,1986,,2015/06/29,to-read,to-read (#84),to-read,,,,,,,0,,,,,
13503109,This Is How You Lose Her,Junot Díaz,"Díaz, Junot",,"=""1594487367""","=""9781594487361""",0,3.73,Riverhead Books,Hardcover,217,2012,2012,,2015/06/26,to-read,to-read (#83),to-read,,,,,,,0,,,,,
297673,The Brief Wondrous Life of Oscar Wao,Junot Díaz,"Díaz, Junot",,"=""1594489580""","=""9781594489587""",4,3.87,Riverhead Books,Hardcover,335,2007,2007,,2015/06/26,,,read,,,,,,,0,,,,,
81026,The Magic Toyshop,Angela Carter,"Carter, Angela",,"=""0140256407""","=""9780140256406""",0,3.88,Penguin Books,Paperback,200,1996,1967,,2015/06/26,to-read,to-read (#82),to-read,,,,,,,0,,,,,
18652002,The Bees,Laline Paull,"Paull, Laline",,"=""0062331159""","=""9780062331151""",0,3.66,Ecco,Hardcover,340,2014,2014,,2015/06/26,to-read,to-read (#81),to-read,,,,,,,0,,,,,
20893942,Shark,Will Self,"Self, Will",,"=""0802123104""","=""9780802123107""",0,3.56,Grove Press,Hardcover,466,2014,2014,,2015/06/26,to-read,to-read (#80),to-read,,,,,,,0,,,,,
46171,Rayuela,Julio Cortázar,"Cortázar, Julio",Andrés Amorós,"=""8437604575""","=""9788437604572""",0,4.26,Cátedra,Paperback,752,2010,1963,,2015/06/26,to-read,to-read (#79),to-read,,,,,,,0,,,,,
777824,Parade's End,Ford Madox Ford,"Ford, Ford Madox",Robie MacAuley,"=""0141186615""","=""9780141186610""",5,3.93,Penguin Classics,Paperback,836,2001,1928,2015/12/12,2015/06/26,,,read,,,,,,,0,,,,,
1736739,Olive Kitteridge,Elizabeth Strout,"Strout, Elizabeth",,"=""140006208X""","=""9781400062089""",4,3.75,Random House,Hardcover,270,2008,2007,,2015/06/26,,,read,,,,,,,0,,,,,
21412360,Nora Webster,Colm Tóibín,"Tóibín, Colm",,"=""1439138338""","=""9781439138335""",0,3.59,Scribner,Hardcover,373,2014,2014,,2015/06/26,to-read,to-read (#78),to-read,,,,,,,0,,,,,
372811,Love in a Cold Climate,Nancy Mitford,"Mitford, Nancy",,"=""0140009841""","=""9780140009842""",0,3.85,Penguin,Paperback,249,1999,1949,,2015/06/26,to-read,to-read (#77),to-read,,,,,,,0,,,,,
14285,Lives of Girls and Women,Alice Munro,"Munro, Alice",,"=""0375707492""","=""9780375707490""",0,4.01,Vintage,Paperback,288,2001,1971,,2015/06/26,to-read,to-read (#76),to-read,,,,,,,0,,,,,
315871,La amortajada,María Luisa Bombal,"Bombal, María Luisa",,"=""9703215122""","=""9789703215126""",0,3.75,Editorial Universitaria,Paperback,77,2005,1962,,2015/06/26,to-read,to-read (#75),to-read,,,,,,,0,,,,,
8744427,Howl,Allen Ginsberg,"Ginsberg, Allen",Eric Drooker,"=""0062015176""","=""9780062015174""",0,4.11,Harper Perennial,Paperback,224,2010,2010,,2015/06/26,to-read,to-read (#74),to-read,,,,,,,0,,,,,
21462154,"If I Fall, If I Die",Michael Christie,"Christie, Michael",,"=""0804140804""","=""9780804140805""",0,3.30,Hogarth,Hardcover,288,2015,2015,,2015/06/26,to-read,to-read (#73),to-read,,,,,,,0,,,,,
17086109,Good Kings Bad Kings,Susan Nussbaum,"Nussbaum, Susan",,"=""1616202637""","=""9781616202637""",0,3.90,Algonquin Books,Hardcover,336,2013,2013,,2015/06/26,to-read,to-read (#72),to-read,,,,,,,0,,,,,
119841,The Gold Cell (Knopf Poetry Series),Sharon Olds,"Olds, Sharon",Alice Quinn,"=""0394747704""","=""9780394747705""",0,4.22,Knopf Publishing Group,Paperback,112,1987,1987,,2015/06/26,to-read,to-read (#71),to-read,,,,,,,0,,,,,
68783,"Girl, Interrupted",Susanna Kaysen,"Kaysen, Susanna",,"=""0679746048""","=""9780679746041""",0,3.89,Vintage,Paperback,169,1994,1993,,2015/06/26,to-read,to-read (#70),to-read,,,,,,,0,,,,,
152893,Death and the Penguin,Andrey Kurkov,"Kurkov, Andrey",George Bird,"=""1860469450""","=""9781860469459""",0,3.82,Vintage,Paperback,228,2002,1996,,2015/06/26,to-read,to-read (#69),to-read,,,,,,,0,,,,,
13530981,Dear Life: Stories,Alice Munro,"Munro, Alice",,"=""0771064861""","=""9780771064869""",0,3.74,Douglas Gibson Books,Hardcover,336,2012,2012,,2015/06/26,to-read,to-read (#68),to-read,,,,,,,0,,,,,
1037864,Dart,Alice Oswald,"Oswald, Alice",,"=""057121410X""","=""9780571214105""",0,4.02,Faber and Faber,Paperback,46,2002,2002,,2015/06/26,to-read,to-read (#67),to-read,,,,,,,0,,,,,
18114220,Chop Chop,Simon Wroe,"Wroe, Simon",,"=""1594205795""","=""9781594205798""",0,3.34,Penguin Press,Hardcover,288,2014,2014,,2015/06/26,to-read,to-read (#66),to-read,,,,,,,0,,,,,
315881,Cambio de armas,Luisa Valenzuela,"Valenzuela, Luisa",,"=""9875451797""","=""9789875451797""",0,4.05,Grupo Editorial Norma,Paperback,196,2004,1982,,2015/06/26,to-read,to-read (#65),to-read,,,,,,,0,,,,,
18218630,A Girl Is a Half-formed Thing,Eimear McBride,"McBride, Eimear",,"=""0957185324""","=""9780957185326""",0,3.44,Galley Beggar Press,Paperback,205,2013,2013,,2015/06/26,to-read,to-read (#64),to-read,,,,,,,0,,,,,
20893314,A Brief History of Seven Killings,Marlon James,"James, Marlon",,"=""159448600X""","=""9781594486005""",0,3.87,Riverhead Books,Hardcover,688,2014,2014,,2015/06/26,to-read,to-read (#63),to-read,,,,,,,0,,,,,
63032,2666,Roberto Bolaño,"Bolaño, Roberto",,"=""843396867X""","=""9788433968678""",0,4.19,Anagrama,Paperback,1126,2006,2004,,2015/06/26,to-read,to-read (#62),to-read,,,,,,,0,,,,,
18143977,All the Light We Cannot See,Anthony Doerr,"Doerr, Anthony",,"=""1476746583""","=""9781476746586""",0,4.31,Scribner,Hardcover,530,2014,2014,,2015/06/26,to-read,to-read (#61),to-read,,,,,,,0,,,,,
62798,The Temple of the Golden Pavilion,Yukio Mishima,"Mishima, Yukio",Ivan Morris,"=""0679433155""","=""9780679433156""",0,3.97,Everyman's Library,Hardcover,304,1995,1956,,2015/06/26,to-read,to-read (#60),to-read,,,,,,,0,,,,,
23209971,Girl at War,Sara Nović,"Nović, Sara",,"=""0812996348""","=""9780812996340""",0,3.98,Random House,Hardcover,320,2015,2015,,2015/06/26,to-read,to-read (#59),to-read,,,,,,,0,,,,,
12781,The Satanic Verses,Salman Rushdie,"Rushdie, Salman",,"=""0312270828""","=""9780312270827""",0,3.71,Picador USA,Paperback,561,2000,1988,,2015/06/26,to-read,to-read (#58),to-read,,,,,,,0,,,,,
240976,The Book of Laughter and Forgetting,Milan Kundera,"Kundera, Milan",Aaron Asher,"=""0060932147""","=""9780060932145""",0,4.01,HarperPerennial Modern Classics,Paperback,263,1999,1978,,2015/06/26,to-read,to-read (#57),to-read,,,,,,,0,,,,,
9717,The Unbearable Lightness of Being,Milan Kundera,"Kundera, Milan",Michael Henry Heim,"=""0571224385""","=""9780571224388""",0,4.07,,Paperback,320,2009,1984,,2015/06/26,to-read,to-read (#56),to-read,,,,,,,0,,,,,
18749,Half of a Yellow Sun,Chimamanda Ngozi Adichie,"Adichie, Chimamanda Ngozi",,"=""1400044162""","=""9781400044160""",0,4.24,Knopf,Hardcover,433,2006,2006,,2015/06/26,to-read,to-read (#55),to-read,,,,,,,0,,,,,
12857,The Gambler,Fyodor Dostoyevsky,"Dostoyevsky, Fyodor","Constance Garnett, Gary Saul Morson","=""""","=""9780812966930""",0,3.88,Modern Library,Paperback,240,2003,1866,,2015/06/26,to-read,to-read (#54),to-read,,,,,,,0,,,,,
11337,The Bluest Eye,Toni Morrison,"Morrison, Toni",,"=""0452287065""","=""9780452287068""",4,3.97,Plume,Paperback,216,2005,1970,,2015/06/26,,,read,,,,,,,0,,,,,
428210,"The Evolution Man: Or, How I Ate My Father",Roy  Lewis,"Lewis, Roy",,"=""0679750096""","=""9780679750093""",4,3.72,Vintage,Paperback,224,1994,1960,,2015/06/26,,,read,,,,,,,0,,,,,
540020,The Day of the Jackal,Frederick Forsyth,"Forsyth, Frederick",,"=""0553266306""","=""9780553266306""",0,4.23,Bantam,Paperback,384,1982,1971,,2015/06/26,to-read,to-read (#53),to-read,,,,,,,0,,,,,
4982,The Sirens of Titan,Kurt Vonnegut,"Vonnegut, Kurt",,"=""1857988841""","=""9781857988840""",0,4.15,Gollancz,Paperback,224,1999,1959,,2015/06/26,to-read,to-read (#52),to-read,,,,,,,0,,,,,
49628,Cloud Atlas,David Mitchell,"Mitchell, David",,"=""0375507256""","=""9780375507250""",0,4.01,Random House,Paperback,509,2004,2004,,2015/06/26,to-read,to-read (#51),to-read,,,,,,,0,,,,,
216363,The Man in the High Castle,Philip K. Dick,"Dick, Philip K.",,"=""0679740678""","=""9780679740674""",0,3.73,Vintage,Paperback,259,1992,1962,,2015/06/26,to-read,to-read (#50),to-read,,,,,,,0,,,,,
24770,"Uglies (Uglies, #1)",Scott Westerfeld,"Westerfeld, Scott",,"=""0689865384""","=""9780689865381""",3,3.86,Simon Pulse,Paperback,425,2005,2005,,2015/06/26,,,read,,,,,,,0,,,,,
310612,A Confederacy of Dunces,John Kennedy Toole,"Toole, John Kennedy",Walker Percy,"=""0802130208""","=""9780802130204""",0,3.88,Grove Press,Paperback,416,1994,1980,,2015/06/26,to-read,to-read (#49),to-read,,,,,,,0,,,,,
43944,Suite Française,Irène Némirovsky,"Némirovsky, Irène",Sandra Smith,"=""1400096278""","=""9781400096275""",0,3.80,Vintage,Paperback,431,2007,2004,,2015/06/26,to-read,to-read (#48),to-read,,,,,,,0,,,,,
28407,"Germinal (Les Rougon-Macquart, #13)",Émile Zola,"Zola, Émile",Roger Pearson,"=""0140447423""","=""9780140447422""",3,4.07,Penguin Classics,Paperback,592,2004,1885,,2015/06/26,,,read,,,,,,,0,,,,,
24280,Les Misérables,Victor Hugo,"Hugo, Victor","Lee Fahnestock, Norman MacAfee","=""0451525264""","=""9780451525260""",3,4.12,Signet Classics,Mass Market Paperback,1463,1987,1862,,2015/06/26,,,read,,,,,,,0,,,,,
6101138,"Wolf Hall (Thomas Cromwell, #1)",Hilary Mantel,"Mantel, Hilary",,"=""0007230206""","=""9780007230204""",0,3.83,HarperCollins Publishers Ltd,Paperback,653,2010,2009,,2015/06/26,to-read,to-read (#47),to-read,,,,,,,0,,,,,
128029,A Thousand Splendid Suns,Khaled Hosseini,"Hosseini, Khaled",,"=""1594489505""","=""9781594489501""",0,4.32,Riverhead Books,Hardcover,372,2007,2007,,2015/06/26,to-read,to-read (#46),to-read,,,,,,,0,,,,,
6867,Atonement,Ian McEwan,"McEwan, Ian",,"=""038572179X""","=""9780385721790""",0,3.86,Anchor,Paperback,351,2003,2001,,2015/06/26,to-read,to-read (#45),to-read,,,,,,,0,,,,,
6759,Infinite Jest,David Foster Wallace,"Wallace, David Foster",,"=""0316921173""","=""9780316921176""",0,4.33,Back Bay Books,Paperback,1088,2005,1996,,2015/06/26,to-read,to-read (#44),to-read,,,,,,,0,,,,,
7082,Do Androids Dream of Electric Sheep?,Philip K. Dick,"Dick, Philip K.",Roger Zelazny,"=""0345404475""","=""9780345404473""",0,4.07,Del Rey / Ballantine Books,Paperback,256,1996,1968,,2015/06/26,to-read,to-read (#43),to-read,,,,,,,0,,,,,
6952,Like Water for Chocolate,Laura Esquivel,"Esquivel, Laura","Thomas  Christensen, Carol Christensen","=""0552995878""","=""9780552995870""",0,3.93,Random House Black Swan,Paperback,224,1993,1989,,2015/06/26,to-read,to-read (#42),to-read,,,,,,,0,,,,,
9969571,Ready Player One,Ernest Cline,"Cline, Ernest",,"=""030788743X""","=""9780307887436""",0,4.31,Random House NY,Hardcover,374,2011,2011,,2015/06/26,to-read,to-read (#41),to-read,,,,,,,0,,,,,
4929,Kafka on the Shore,Haruki Murakami,"Murakami, Haruki",Philip Gabriel,"=""1400079276""","=""9781400079278""",0,4.12,Vintage International,Paperback,467,2006,2002,,2015/06/26,to-read,to-read (#40),to-read,,,,,,,0,,,,,
15823480,Anna Karenina,Leo Tolstoy,"Tolstoy, Leo","Louise Maude, Alymer Maude","=""0345803922""","=""9780345803924""",0,4.00,Vintage,Paperback,964,2012,1873,,2015/06/26,currently-reading,currently-reading (#1),currently-reading,,,,,,,0,,,,,
19288239,Colorless Tsukuru Tazaki and His Years of Pilgrimage,Haruki Murakami,"Murakami, Haruki",Philip Gabriel,"=""0385352107""","=""9780385352109""",0,3.80,Knopf Publishing Group,Hardcover,386,2014,2013,,2015/06/26,to-read,to-read (#40),to-read,,,,,,,0,,,,,
15796700,Americanah,Chimamanda Ngozi Adichie,"Adichie, Chimamanda Ngozi",,"=""0307271080""","=""9780307271082""",3,4.21,Knopf,Hardcover,477,2013,2013,,2015/06/26,,,read,,,,,,,0,,,,,
157993,The Little Prince,Antoine de Saint-Exupéry,"Saint-Exupéry, Antoine de",Richard Howard,"=""0156012197""","=""9780156012195""",5,4.26,"Harcourt, Inc.",Paperback,98,2000,1943,,2015/06/26,,,read,,,,,,,0,,,,,
119322,"The Golden Compass (His Dark Materials, #1)",Philip Pullman,"Pullman, Philip",,"=""0679879242""","=""9780679879244""",3,3.91,Knopf Books for Young Readers,Hardcover,399,1996,1995,,2015/06/26,,,read,,,,,,,0,,,,,
13496,"A Game of Thrones (A Song of Ice and Fire, #1)",George R.R. Martin,"Martin, George R.R.",,"=""0553588486""","=""9780553588484""",4,4.44,Bantam,Mass Market Paperback,835,2005,1996,,2015/06/26,,,read,,,,,,,0,,,,,
3,"Harry Potter and the Sorcerer's Stone (Harry Potter, #1)",J.K. Rowling,"Rowling, J.K.",Mary GrandPré,"=""0439554934""","=""9780439554930""",4,4.41,Scholastic,Hardcover,310,2003,1997,,2015/06/26,,,read,,,,,,,0,,,,,
227463,A Clockwork Orange,Anthony Burgess,"Burgess, Anthony",,"=""0393312836""","=""9780393312836""",0,3.97,W. W. Norton & Company,Paperback,192,1995,1962,,2015/06/26,to-read,to-read (#38),to-read,,,,,,,0,,,,,
12497,No Country For Old Men,Cormac McCarthy,"McCarthy, Cormac",,"=""0375706674""","=""9780375706677""",0,4.11,Vintage,Paperback,309,2006,2005,,2015/06/26,to-read,to-read (#37),to-read,,,,,,,0,,,,,
119073,The Name of the Rose,Umberto Eco,"Eco, Umberto",William Weaver,"=""0156001314""","=""9780156001311""",0,4.09,Harvest Books,Paperback,536,1994,1980,,2015/06/26,to-read,to-read (#36),to-read,,,,,,,0,,,,,
343,Perfume: The Story of a Murderer,Patrick Süskind,"Süskind, Patrick",John E. Woods,"=""0140120831""","=""9780140120837""",4,3.98,Penguin Books,Paperback,263,1987,1985,,2015/06/26,,,read,,,,,,,0,,,,,
2767052,"The Hunger Games (The Hunger Games, #1)",Suzanne Collins,"Collins, Suzanne",,"=""0439023483""","=""9780439023481""",4,4.36,Scholastic Press,Hardcover,374,2008,2008,,2015/06/26,,,read,,,,,,,0,,,,,
28676,American Psycho,Bret Easton Ellis,"Ellis, Bret Easton",,"=""0679735771""","=""9780679735779""",0,3.80,Vintage Contemporaries / Random House,Paperback,399,1991,1991,,2015/06/26,to-read,to-read (#35),to-read,,,,,,,0,,,,,
2153405,Still Alice,Lisa Genova,"Genova, Lisa",,"=""0595440096""","=""9780595440092""",0,4.29,iUniverse,Paperback,292,2007,2005,,2015/06/26,to-read,to-read (#34),to-read,,,,,,,0,,,,,
7331435,A Visit from the Goon Squad,Jennifer Egan,"Egan, Jennifer",,"=""0307592839""","=""9780307592835""",3,3.63,Knopf,Hardcover,288,2010,2010,2015/07/12,2015/06/26,,,read,,,,,,,0,,,,,
19063,The Book Thief,Markus Zusak,"Zusak, Markus",,"=""0375831002""","=""9780375831003""",4,4.35,Knopf Books for Young Readers,Hardcover,552,2006,2005,,2015/06/26,,,read,,,,,,,0,,,,,
4588,Extremely Loud and Incredibly Close,Jonathan Safran Foer,"Foer, Jonathan Safran",,"=""0618711651""","=""9780618711659""",0,3.96,Mariner Books,Paperback,326,2006,2005,,2015/06/26,to-read,to-read (#33),to-read,,,,,,,0,,,,,
11297,Norwegian Wood,Haruki Murakami,"Murakami, Haruki",Jay Rubin,"=""0375704027""","=""9780375704024""",0,4.02,Vintage Books,Paperback,296,2000,1987,,2015/06/26,to-read,to-read (#32),to-read,,,,,,,0,,,,,
6288,The Road,Cormac McCarthy,"McCarthy, Cormac",,"=""0307265439""","=""9780307265432""",5,3.94,Knopf,Hardcover,241,2006,2006,2016/01/12,2015/06/26,,,read,,,,,,,0,,,,,
930,Memoirs of a Geisha,Arthur Golden,"Golden, Arthur",,"=""0739326228""","=""9780739326220""",0,4.06,Random House Large Print,Hardcover,434,2005,1997,,2015/06/26,to-read,to-read (#31),to-read,,,,,,,0,,,,,
2429135,"The Girl with the Dragon Tattoo (Millennium, #1)",Stieg Larsson,"Larsson, Stieg",Reg Keeland,"=""0307269752""","=""9780307269751""",0,4.09,Knopf,Hardcover,465,2008,2005,,2015/06/26,to-read,to-read (#30),to-read,,,,,,,0,,,,,
5759,Fight Club,Chuck Palahniuk,"Palahniuk, Chuck",,"=""0393327345""","=""9780393327342""",0,4.19,W.W. Norton & Company (NYC),Paperback,218,2005,1996,,2015/06/26,to-read,to-read (#29),to-read,,,,,,,0,,,,,
17333223,The Goldfinch,Donna Tartt,"Tartt, Donna",,"=""0316055433""","=""9780316055437""",0,3.86,"Little, Brown",Hardcover,773,2013,2013,,2015/06/26,to-read,to-read (#28),to-read,,,,,,,0,,,,,
6334,Never Let Me Go,Kazuo Ishiguro,"Ishiguro, Kazuo",,"=""1400078776""","=""9781400078776""",0,3.79,Vintage Books ,Paperback,288,2010,2005,,2015/06/26,to-read,to-read (#28),to-read,,,,,,,0,,,,,
2187,Middlesex,Jeffrey Eugenides,"Eugenides, Jeffrey",,"=""0312422156""","=""9780312422158""",4,3.96,Picador,Paperback,529,2003,2002,,2015/06/26,,,read,,,,,,,0,,,,,
7937843,Room,Emma Donoghue,"Donoghue, Emma",,"=""0316098337""","=""9780316098335""",0,3.99,"Little, Brown and Company",Hardcover,321,2010,2010,,2015/06/26,to-read,to-read (#26),to-read,,,,,,,0,,,,,
18619684,The Time Traveler's Wife,Audrey Niffenegger,"Niffenegger, Audrey",,"=""""","=""9781939126016""",0,3.93,Zola Books,ebook,500,2013,2003,,2015/06/26,to-read,to-read (#25),to-read,,,,,,,0,,,,,
77203,The Kite Runner,Khaled Hosseini,"Hosseini, Khaled",,"=""1594480001""","=""9781594480003""",0,4.23,Riverhead,Paperback,371,2004,2003,,2015/06/26,to-read,to-read (#24),to-read,,,,,,,0,,,,,
9516,"Persepolis: The Story of a Childhood (Persepolis, #1-2)",Marjane Satrapi,"Satrapi, Marjane",Mattias Ripa,"=""037571457X""","=""9780375714573""",4,4.21,Pantheon,Paperback,160,2004,2000,,2015/06/26,,,read,,,,,,,0,,,,,
1618,The Curious Incident of the Dog in the Night-Time,Mark Haddon,"Haddon, Mark",,"=""1400032717""","=""9781400032716""",3,3.84,Vintage,Paperback,226,2004,2003,,2015/06/26,,,read,,,,,,,0,,,,,
16640,The Sorrows of Young Werther,Johann Wolfgang von Goethe,"Goethe, Johann Wolfgang von",Burton Pike,"=""0812969901""","=""9780812969900""",0,3.61,Modern Library,Paperback,149,2005,1774,,2015/06/26,to-read,to-read (#23),to-read,,,,,,,0,,,,,
13214,I Know Why the Caged Bird Sings,Maya Angelou,"Angelou, Maya",,"=""0553279378""","=""9780553279375""",0,4.16,Bantam Books,Paperback,246,1993,1969,,2015/06/26,to-read,to-read (#22),to-read,,,,,,,0,,,,,
30933,Brideshead Revisited,Evelyn Waugh,"Waugh, Evelyn",,"=""0316926345""","=""9780316926348""",4,3.99,Back Bay Books,Paperback,351,1982,1945,,2015/06/26,,,read,,,,,,,0,,,,,
18521,A Room of One's Own,Virginia Woolf,"Woolf, Virginia",,"=""0141183535""","=""9780141183534""",0,4.07,"Penguin Books, Limited (UK)",Mass Market Paperback,112,2002,1928,,2015/06/26,to-read,to-read (#21),to-read,,,,,,,0,,,,,
6149,Beloved,Toni Morrison,"Morrison, Toni",,"=""1400033411""","=""9781400033416""",0,3.74,Vintage,Paperback,324,2004,1987,,2015/06/26,to-read,to-read (#20),to-read,,,,,,,0,,,,,
6310,"Charlie and the Chocolate Factory (Charlie Bucket, #1)",Roald Dahl,"Dahl, Roald",Quentin Blake,"=""0142403881""","=""9780142403884""",4,4.10,Puffin,Paperback,176,2005,1964,,2015/06/26,,,read,,,,,,,0,,,,,
135479,Cat's Cradle,Kurt Vonnegut,"Vonnegut, Kurt",,"=""0140285601""","=""9780140285604""",0,4.18,Penguin,Paperback,179,1999,1963,,2015/06/26,to-read,to-read (#19),to-read,,,,,,,0,,,,,
11,"The Hitchhiker's Guide to the Galaxy (Hitchhiker's Guide to the Galaxy, #1)",Douglas Adams,"Adams, Douglas",,"=""0345391802""","=""9780345391803""",0,4.19,Del Rey Books,Mass Market Paperback,216,1995,1979,,2015/06/26,to-read,to-read (#18),to-read,,,,,,,0,,,,,
12220,A Streetcar Named Desire,Tennessee Williams,"Williams, Tennessee",,"=""0822210894""","=""9780822210894""",0,3.96,Dramatists Play Service,Paperback,107,1952,1947,,2015/06/26,to-read,to-read (#17),to-read,,,,,,,0,,,,,
9712,Love in the Time of Cholera,Gabriel Garcí­a Márquez,"Márquez, Gabriel Garcí­a",Edith Grossman,"=""140003468X""","=""9781400034680""",0,3.88,Vintage International,Paperback,348,2003,1985,,2015/06/26,to-read,to-read (#16),to-read,,,,,,,0,,,,,
17690,The Trial,Franz Kafka,"Kafka, Franz","Edwin Muir, Willa Muir, Max Brod","=""0099428644""","=""9780099428640""",4,3.98,Vintage Classics,Paperback,216,2001,1925,2016/01/30,2015/06/26,,,read,,,,,,,0,,,,,
37781,"Things Fall Apart (The African Trilogy, #1)",Chinua Achebe,"Achebe, Chinua",,"=""0385474547""","=""9780385474542""",4,3.58,Anchor Books,Paperback,209,1994,1958,,2015/06/26,,,read,,,,,,,0,,,,,
16299,And Then There Were None,Agatha Christie,"Christie, Agatha",,"=""0312330871""","=""9780312330873""",4,4.21,St. Martin's Griffin,Paperback,264,2004,1939,,2015/06/26,,,read,,,,,,,0,,,,,
7588,A Portrait of the Artist as a Young Man,James Joyce,"Joyce, James",Seamus Deane,"=""0142437344""","=""9780142437346""",0,3.59,Penguin Classics,Paperback,329,2003,1914,,2015/06/26,to-read,to-read (#15),to-read,,,,,,,0,,,,,
338798,Ulysses,James Joyce,"Joyce, James",,"=""0679722769""","=""9780679722762""",0,3.73,Vintage International,Paperback,810,1990,1922,,2015/06/26,to-read,to-read (#14),to-read,,,,,,,0,,,,,
662,Atlas Shrugged,Ayn Rand,"Rand, Ayn",Leonard Peikoff,"=""0452011876""","=""9780452011878""",0,3.67,Plume,Paperback,1168,1999,1957,,2015/06/26,to-read,to-read (#13),to-read,,,,,,,0,,,,,
46170,For Whom the Bell Tolls,Ernest Hemingway,"Hemingway, Ernest",,"=""0684803356""","=""9780684803357""",4,3.94,Scribner,Paperback,480,2003,1940,,2015/06/26,,,read,,,,,,,0,,,,,
102868,"A Study in Scarlet (Sherlock Holmes, #1)",Arthur Conan Doyle,"Doyle, Arthur Conan",,"=""1420925539""","=""9781420925531""",3,4.14,Digireads.com,Paperback,108,2005,1887,,2015/06/26,,,read,,,,,,,0,,,,,
4934,The Brothers Karamazov,Fyodor Dostoyevsky,"Dostoyevsky, Fyodor","Richard Pevear, Larissa Volokhonsky","=""0374528373""","=""9780374528379""",0,4.29,"Farrar, Straus and Giroux",Paperback,776,2002,1880,,2015/06/26,to-read,to-read (#12),to-read,,,,,,,0,,,,,
14836,Midnight's Children,Salman Rushdie,"Rushdie, Salman",,"=""0099578514""","=""9780099578512""",0,3.99,Vintage,Paperback,647,1995,1981,,2015/06/26,to-read,to-read (#11),to-read,,,,,,,0,,,,,
426504,Ficciones,Jorge Luis Borges,"Borges, Jorge Luis","Anthony Kerrigan, Anthony Bonner","=""0802130305""","=""9780802130303""",0,4.47,Grove Press,Paperback,174,1994,1944,,2015/06/26,to-read,to-read (#10),to-read,,,,,,,0,,,,,
28634,Immortality,Milan Kundera,"Kundera, Milan",,"=""057114456X""","=""9780571144563""",0,4.10,Faber and Faber,Paperback,400,1992,1990,,2015/06/26,to-read,to-read (#9),to-read,,,,,,,0,,,,,
320,One Hundred Years of Solitude,Gabriel Garcí­a Márquez,"Márquez, Gabriel Garcí­a",Gregory Rabassa,"=""0060531045""","=""9780060531041""",5,4.02,Harper,Hardcover,457,2003,1967,,2015/06/26,,,read,,,,,,,0,,,,,
3636,"The Giver (The Giver, #1)",Lois Lowry,"Lowry, Lois",,"=""0385732554""","=""9780385732550""",4,4.12,Ember,Mass Market Paperback,224,2006,1993,,2015/06/26,,,read,,,,,,,0,,,,,
1852,The Call of the Wild,Jack London,"London, Jack",,"=""0439227143""","=""9780439227148""",4,3.81,Scholastic,Paperback,172,2001,1903,,2015/06/26,,,read,,,,,,,0,,,,,
3836,Don Quixote,Miguel de Cervantes Saavedra,"Saavedra, Miguel de Cervantes","John  Rutherford, Roberto González Echevarría","=""0142437239""","=""9780142437230""",0,3.84,Penguin Classics,Paperback,982,2003,1615,,2015/06/26,to-read,to-read (#8),to-read,,,,,,,0,,,,,
17250,The Crucible,Arthur Miller,"Miller, Arthur",Christopher Bigsby,"=""0142437336""","=""9780142437339""",4,3.53,Penguin Classics,Paperback,143,2003,1953,,2015/06/26,,,read,,,,,,,0,,,,,
18266,Gargantua and Pantagruel,François Rabelais,"Rabelais, François",M.A. Screech,"=""0140445501""","=""9780140445503""",3,3.71,Penguin Classics,Paperback,1104,2006,1532,,2015/06/26,,,read,,,,,,,0,,,,,
93101,The Arabian Nights,Richard Francis Burton,"Burton, Richard Francis","Anonymous, A.S. Byatt","=""0812972147""","=""9780812972146""",4,4.05,Modern Library,Paperback,1049,2004,800,,2015/06/26,,,read,,,,,,,0,,,,,
7733,Gulliver's Travels,Jonathan Swift,"Swift, Jonathan",Robert DeMaria Jr.,"=""0141439491""","=""9780141439495""",3,3.55,Penguin Classics,Paperback,306,2003,1726,,2015/06/26,,,read,,,,,,,0,,,,,
19302,Pippi Longstocking,Astrid Lindgren,"Lindgren, Astrid","Florence Lamborn, Nancy Seligsohn","=""0142402494""","=""9780142402498""",4,4.10,Puffin Books,Paperback,160,2005,1945,,2015/06/26,,,read,,,,,,,0,,,,,
100915,"The Lion, the Witch, and the Wardrobe (Chronicles of Narnia, #1)",C.S. Lewis,"Lewis, C.S.",,"=""0060764899""","=""9780060764890""",3,4.17,HarperCollins Publishers,Paperback,206,2005,1950,,2015/06/26,,,read,,,,,,,0,,,,,
34,"The Fellowship of the Ring (The Lord of the Rings, #1)",J.R.R. Tolkien,"Tolkien, J.R.R.",,"=""0618346252""","=""9780618346257""",5,4.32,Houghton Mifflin Harcourt,Paperback,398,2003,1954,,2015/06/26,,,read,,,,,,,0,,,,,
168668,Catch-22,Joseph Heller,"Heller, Joseph",,"=""0684833395""","=""9780684833392""",0,3.97,Simon & Schuster ,Paperback,453,2004,1961,,2015/06/26,to-read,to-read (#7),to-read,,,,,,,0,,,,,
59151,Chess Story,Stefan Zweig,"Zweig, Stefan","Joel Rotenberg, Peter Gay","=""1590171691""","=""9781590171691""",5,4.24,NYRB Classics,Paperback,104,2005,1941,,2015/06/26,,,read,,,,,,,0,,,,,
485894,The Metamorphosis,Franz Kafka,"Kafka, Franz",Stanley Corngold,"=""0553213695""","=""9780553213690""",4,3.76,Bantam Classics,Paperback,201,1972,1915,,2015/06/26,,,read,,,,,,,0,,,,,
4981,Slaughterhouse-Five,Kurt Vonnegut,"Vonnegut, Kurt",,"=""0385333846""","=""9780385333849""",4,4.04,Dial Press Trade Paperback,Paperback,215,1999,1969,,2015/06/26,,,read,,,,,,,0,,,,,
6514,The Bell Jar,Sylvia Plath,"Plath, Sylvia",,"=""0061148512""","=""9780061148514""",0,3.97,Harper Perennial,Paperback,266,2006,1963,,2015/06/26,to-read,to-read (#6),to-read,,,,,,,0,,,,,
7604,Lolita,Vladimir Nabokov,"Nabokov, Vladimir",Craig Raine,"=""""","=""""",0,3.87,Penguin Classics,Paperback,378,2000,1955,,2015/06/26,to-read,to-read (#5),to-read,,,,,,,0,,,,,
48855,The Diary of a Young Girl,Anne Frank,"Frank, Anne","Eleanor Roosevelt, B.M. Mooyart-Doubleday","=""0553296981""","=""9780553296983""",4,4.08,Bantam,Mass Market Paperback,283,1993,1947,,2015/06/26,,,read,,,,,,,0,,,,,
18405,Gone with the Wind,Margaret Mitchell,"Mitchell, Margaret",,"=""0446675539""","=""9780446675536""",4,4.27,Grand Central Publishing,Paperback,1037,1999,1936,,2015/06/26,,,read,,,,,,,0,,,,,
18545,Rosencrantz and Guildenstern Are Dead,Tom Stoppard,"Stoppard, Tom",Henry Popkin,"=""0802132758""","=""9780802132758""",0,4.06,Grove Press,Paperback,126,1994,1966,,2015/06/26,to-read,to-read (#4),to-read,,,,,,,0,,,,,
752900,Medea,Euripides,"Euripides, Euripides",Rex Warner,"=""0486275485""","=""9780486275482""",4,3.82,Dover Publications,Paperback,47,1993,-431,,2015/06/26,,,read,,,,,,,0,,,,,
8852,Macbeth,William Shakespeare,"Shakespeare, William",,"=""0743477103""","=""9780743477109""",5,3.87,Simon & Schuster,Mass Market Paperback,249,2003,1606,,2015/06/26,,,read,,,,,,,0,,,,,
5129,Brave New World,Aldous Huxley,"Huxley, Aldous",,"=""0060929871""","=""9780060929879""",4,3.95,Harper Perennial,Paperback,268,1998,1932,,2015/06/26,,,read,,,,,,,0,,,,,
7126,The Count of Monte Cristo,Alexandre Dumas,"Dumas, Alexandre",Robin Buss,"=""0140449264""","=""9780140449266""",4,4.19,Penguin Classics,Paperback,1276,2003,1844,,2015/06/26,,,read,,,,,,,0,,,,,
17470674,Fahrenheit 451,Ray Bradbury,"Bradbury, Ray",,"=""0007491565""","=""9780007491568""",4,3.96,Voyager,Hardcover,227,2013,1953,,2015/06/26,,,read,,,,,,,0,,,,,
14942,Mrs. Dalloway,Virginia Woolf,"Woolf, Virginia",Maureen Howard,"=""0151009988""","=""9780151009985""",5,3.77,Houghton Mifflin Harcourt,Hardcover,194,2002,1925,2015/07/23,2015/06/26,,,read,,,,,,,0,,,,,
18212,Jacques the Fatalist,Denis Diderot,"Diderot, Denis",,"=""0192838741""","=""9780192838742""",0,3.84,"Oxford University Press, USA",Paperback,304,1999,1776,,2015/06/26,to-read,to-read (#3),to-read,,,,,,,0,,,,,
2183,Sentimental Education,Gustave Flaubert,"Flaubert, Gustave","Robert Baldick, Geoffrey Wall","=""0140447970""","=""9780140447972""",3,3.83,Penguin Classics,Paperback,460,2004,1869,,2015/06/26,,,read,,,,,,,0,,,,,
12505,The Idiot,Fyodor Dostoyevsky,"Dostoyevsky, Fyodor","Constance Garnett, Joseph Frank, Anna Brailovsky","=""0679642420""","=""9780679642428""",5,4.17,Modern Library,Paperback,667,2003,1869,,2015/06/26,,,read,,,,,,,0,,,,,
203220,Les Fleurs du Mal,Charles Baudelaire,"Baudelaire, Charles",Richard Howard,"=""0879234628""","=""9780879234621""",5,4.26,David R. Godine Publisher,Paperback,365,1983,1857,,2015/06/26,,,read,,,,,,,0,,,,,
5297,The Picture of Dorian Gray,Oscar Wilde,"Wilde, Oscar",Jeffrey Eugenides,"=""0375751513""","=""9780375751516""",4,4.04,Random House: Modern Library,Paperback,254,1998,1890,,2015/06/26,,,read,,,,,,,0,,,,,
59716,To the Lighthouse,Virginia Woolf,"Woolf, Virginia",,"=""140679239X""","=""9781406792393""",4,3.75,Harvest Books,Paperback,209,1989,1927,,2015/06/26,,,read,,,,,,,0,,,,,
332613,One Flew Over the Cuckoo's Nest,Ken Kesey,"Kesey, Ken",,"=""0451163966""","=""9780451163967""",0,4.18,Signet,Mass Market Paperback,325,1963,1962,,2015/06/26,to-read,to-read (#2),to-read,,,,,,,0,,,,,
7613,Animal Farm,George Orwell,"Orwell, George",,"=""0452284244""","=""9780452284241""",4,3.83,NAL,Paperback,102,2003,1945,,2015/06/26,,,read,,,,,,,0,,,,,
5470,1984,George Orwell,"Orwell, George",Erich Fromm,"=""0451524934""","=""9780451524935""",5,4.12,New American Library,Mass Market Paperback,298,1950,1949,,2015/06/26,,,read,,,,,,,0,,,,,
2657,To Kill a Mockingbird,Harper Lee,"Lee, Harper",,"=""0061120081""","=""9780061120084""",0,4.24,Harper Perennial Modern Classics,Paperback,324,2006,1960,,2015/06/26,to-read,to-read (#1),to-read,,,,,,,0,,,,,
1885,Pride and Prejudice,Jane Austen,"Austen, Jane",Anna Quindlen,"=""0679783261""","=""9780679783268""",4,4.24,Modern Library,Paperback,279,2000,1813,2015/07/30,2015/06/26,,,read,,,,,,,0,,,,,
4671,The Great Gatsby,F. Scott Fitzgerald,"Fitzgerald, F. Scott",,"=""0743273567""","=""9780743273565""",5,3.87,Scribner,Paperback,180,2004,1925,,2015/06/26,,,read,,,,,,,0,,,,,
